id	domain	nipun_target_grade	source_hindi_normalized	target_olchiki_santhali	phonetic_deva_santhali	target_warang_chiti_ho	phonetic_deva_ho	target_mundari_deva	phonetic_deva_mundari	linguistic_validation_notes
FLN_NUM_001	numeracy	Grade 1	एक से पाँच तक गिनो	ᱢᱤᱫ ᱠᱷᱚᱱ ᱢᱚᱬᱮ ᱫᱷᱟᱹᱵᱤᱡ ᱞᱮᱠᱷᱟᱭ ᱢᱮ	मिद खोन मोणे ध़ाबिज लेखाय मे	𑣖𑣂𑣓𑣁𑣉 𑣈𑣕𑣈 𑣖𑣉𑣑𑣈 𑣌𑣁𑣌𑣂 𑣚𑣈𑣌𑣁𑣂 𑣖𑣈	मियाद एते मोड़े जाकि लेखाए मे	मियाद एते मोड़े जाकि लेखाए मे	मियाद एते मोड़े जाकि लेखाए मे	Cardinal numerals 1 to 5: Santhali root 'mit'' (ᱢᱤᱫ) to 'mõṛẽ' (ᱢᱚᱬᱮ); Mundari and Ho preserve ancestral 'miyad' to 'moṛe'. Ablative marker differs: Santhali postposition '-khon' (ᱠᱷᱚᱱ) vs. North Munda sister postposition 'ete' (𑣈𑣕𑣈 / एते). Terminative focus marked by 'dhạbij' (ᱫᱷᱟᱹᱵᱤᱡ) in Santhali and 'jaki' in Mundari/Ho. Bound singular familiar imperative clitic '-me' applies across all three branches.
FLN_NUM_002	numeracy	Grade 1	चलो हम सब मिलकर दस तक गिनती करें	ᱫᱮᱞᱟᱵᱚ ᱥᱟᱱᱟᱢ ᱠᱚ ᱢᱮᱥᱟ ᱠᱟᱛᱮ ᱜᱮᱞ ᱫᱷᱟᱹᱵᱤᱡ ᱞᱮᱠᱷᱟᱭ ᱵᱚ	देलाबो सानाम को मेसा काते गेल ध़ाबिज लेखाय बो	𑣖𑣈𑣚𑣁𑣎𑣂 𑣞𑣁𑣎𑣂𑣑 𑣖𑣂𑣞𑣁 𑣌𑣈𑣕𑣈 𑣋𑣈𑣚 𑣌𑣁𑣌𑣂 𑣚𑣈𑣌𑣁𑣂𑣎𑣂	देलाबु सबिन मिसा केते गेल जाकि लेखाएबु	देलाबु सोबेनते गेल जाकि लेखाएबु	देलाबु सोबेनते गेल जाकि लेखाएबु	Enforces foundational inclusive cohortative morphology: Santhali initial cohortative 'delabo' (ᱫᱮᱞᱟᱵᱚ) coordinated with verb-final inclusive plural clitic '-bo' (ᱞᱮᱠᱷᱟᱭ ᱵᱚ); Mundari and Ho utilize 'delabu' (देलाबु / 𑣖𑣈𑣚𑣁𑣎𑣂) harmonized with verbal clitic '-bu' (𑣎𑣂 / -बु). The base-10 numeral 'gel' (ᱜᱮᱞ / 𑣋𑣈𑣚 / गेल) is perfectly cognate and invariant.
FLN_NUM_003	numeracy	Grade 1	यह बड़ा पत्थर है और वह छोटा कंकड़ है	ᱱᱚᱣᱟ ᱫᱚ ᱢᱟᱨᱟᱝ ᱫᱷᱤᱨᱤ ᱠᱟᱱᱟ ᱟᱨ ᱦᱟᱱᱟ ᱫᱚ ᱦᱩᱰᱤᱧ ᱜᱤᱴᱤᱞ ᱠᱟᱱᱟ	नोवा दो मारांग धीरी काना आर हाना दो हुडिञ गिटील काना	𑣑𑣈𑣁 𑣖𑣁𑣑𑣁𑣀 𑣑𑣂𑣑𑣂 𑣕𑣁𑣓𑣁 𑣁𑣑 𑣕𑣈𑣁 𑣟𑣃𑣑𑣂𑣑 𑣞𑣈𑣑𑣉 𑣕𑣁𑣓𑣁	नेआ मरांग दिरी तना आर तेआ हुड़िंग सेड़ो तना	नेआ मरांग दिरी तना अन्दो तेआ हुड़िंग रोड़ा तना	नेआ मरांग दिरी तना अन्दो तेआ हुड़िंग रोड़ा तना	Early spatial and dimensional comparison (big vs. small). Proximal vs. distal demonstrative contrast: Santhali 'nowa' / 'hana' (ᱱᱚᱣᱟ / ᱦᱟᱱᱟ) vs. Mundari/Ho 'nea' / 'tea' (नेआ / तेआ). Dimension statives: 'marang' (ᱢᱟᱨᱟᱝ / big) and 'huḍiñ' / 'huṛing' (ᱦᱩᱰᱤᱧ / small). Lithic terms: Proto-Munda 'dhiri'/'diri' (stone) alongside local realia terms 'giṭil' (grit/gravel), 'seṛo' (pebble), and 'roṛa' (broken ballast).
FLN_NUM_004	numeracy	Grade 1	इसमें एक और जोड़ो	ᱱᱚᱣᱟ ᱨᱮ ᱟᱨ ᱢᱤᱫᱴᱟᱝ ᱡᱩᱲᱟᱹᱣ ᱢᱮ	नोवा रे आर मिदटांग जुड़ा़व मे	𑣑𑣈𑣁 𑣜𑣈 𑣉𑣑𑣉𑣀 𑣖𑣂𑣓𑣁𑣉 𑣖𑣈𑣞𑣁𑣂 𑣖𑣈	नेआ रे ओड़ोअ मियाद मेसाइ मे	नेआ रे अन्दो मियाद मेसाए मे	नेआ रे अन्दो मियाद मेसाए मे	Concrete conceptualization of addition (increment of 1). Santhali utilizes the inanimate numeral classifier '-ṭang' in 'mit'-ṭang' (ᱢᱤᱫᱴᱟᱝ), whereas Mundari and Ho retain the bare cardinal 'miyad'. Ingress/additive operators: Santhali 'juṛạw' (ᱡᱩᱲᱟᱹᱣ) from IA contact vs. native Austroasiatic integration root 'mesa' (to blend/combine) with imperative '-me'.
FLN_NUM_005	numeracy	Grade 1	दो में से एक निकाल लो	ᱵᱟᱨᱭᱟ ᱠᱷᱚᱱ ᱢᱤᱫᱴᱟᱝ ᱚᱰᱚᱠ ᱢᱮ	बारया खोन मिदटांग ओडोक मे	𑣎𑣁𑣑𑣂𑣁 𑣈𑣕𑣈 𑣖𑣂𑣓𑣁𑣉 𑣉𑣑𑣉𑣀 𑣖𑣈	बारिया एते मियाद ओड़ोअ मे	बारिया एते मियाद उडुक़ मे	बारिया एते मियाद उडुक़ मे	Concrete subtraction through physical removal from a set. Inanimate form of 'two' carries the dual/inanimate marker '-ya': Santhali 'barya' (ᱵᱟᱨᱭᱟ) vs. Mundari/Ho 'baria' (बारिया). Separation is governed by ablative clitics '-khon' (Santhali) and '-ete' (Ho/Mundari) followed by the checked-stop egress verb 'oḍok'' / 'oṛoʔ' / 'uḍuk़'.
FLN_NUM_006	numeracy	Grade 1	गोल घेरे को पहचानो	ᱜᱩᱞᱟᱹᱭ ᱠᱷᱚᱸᱫᱽ ᱪᱤᱱᱦᱟᱹᱣ ᱢᱮ	गुला़य खोंद चीन्हा़व मे	𑣋𑣂𑣑𑣁 𑣌𑣉𑣑𑣉 𑣏𑣂𑣓𑣁𑣂 𑣖𑣈	गुड़ा खोंद चीनाइ मे	गोल घेरा के चिनहाव मे	गोल घेरा के चिनहाव मे	FLN foundational 2D geometry. Santhali forms nominal geometric compounds using 'gulạy' (ᱜᱩᱞᱟᱹᱭ / round) and 'khond' (ᱠᱷᱚᱸᱫᱽ / boxed demarcated space). Ho parallels this with 'guṛa khond'. Mundari primary classrooms in Ranchi/Khunti adopt 'gol ghera' inflected with accusative marker 'ke'. Recognition imperative is marked by 'cinhạw-me' / 'cinai-me'.
FLN_NUM_007	numeracy	Grade 1	कौन सी रस्सी लंबी है और कौन सी छोटी?	ᱚᱠᱟᱴᱟᱜ ᱫᱚᱣᱨᱤ ᱡᱤᱞᱤᱧᱟ ᱟᱨ ᱚᱠᱟᱴᱟᱜ ᱠᱷᱟᱴᱚᱣᱟ?	ओकाटाग दोवरी जीलिञा आर ओकाटाग खाटोवा?	𑣉𑣌𑣉𑣁 𑣎𑣁𑣂𑣑 𑣎𑣂𑣚𑣂𑣑 𑣕𑣁𑣓𑣁 𑣁𑣑 𑣉𑣌𑣉𑣁 𑣌𑣁𑣕𑣉 𑣕𑣁𑣓𑣁?	ओकोआ बइर जिलिंग तना आर ओकोआ खाटो तना?	ओकोटाः बइर जिलिंग तना अन्दो ओकोटाः खाटो तना?	ओकोटाः बइर जिलिंग तना अन्दो ओकोटाः खाटो तना?	Non-standard measurement comparative inquiry. Inanimate selective interrogative: Santhali 'oka-ṭag' (ᱚᱠᱟᱴᱟᱜ) with inherent unreleased velar stop; Mundari 'oko-ṭaḥ' (checked with glottal closure); Ho 'okoa'. Dimension predicates: Proto-Munda 'jiling' (long) paired with 'khaṭo' (short).
FLN_NUM_008	numeracy	Grade 1	इन कंकड़ों को गिनकर बताओ	ᱱᱚᱣᱟ ᱜᱤᱴᱤᱞ ᱠᱚ ᱞᱮᱠᱷᱟ ᱠᱟᱛᱮ ᱞᱟᱹᱭ ᱢᱮ	नोवा गिटील को लेखा काते ला़य मे	𑣑𑣈 𑣞𑣈𑣑𑣉 𑣌𑣉 𑣚𑣈𑣌𑣁 𑣌𑣈𑣕𑣈 𑣌𑣁𑣌𑣂 𑣖𑣈	ने सेड़ो को लेखा केते काजी मे	ने रोड़ा को लेखा केते काजी मे	ने रोड़ा को लेखा केते काजी मे	Manipulative-based enumeration. Plural marker '-ko' pluralizes inanimate realia when counted as discrete tokens. Participle chaining uses '-kate' (Santhali ᱠᱟᱛᱮ) and '-kete' (Ho/Mundari केते). Communicative request takes singular imperative: Santhali 'lạy-me' (ᱞᱟᱹᱭ ᱢᱮ) vs. Mundari/Ho 'kaji-me' (काजी मे).
FLN_NUM_009	numeracy	Grade 1	तीन चिड़ियाँ पेड़ पर बैठी हैं	ᱯᱮᱭᱟ ᱪᱮᱬᱮ ᱫᱟᱨᱮ ᱨᱮᱠᱚ ᱫᱩᱲᱩᱵ ᱟᱠᱟᱱᱟ	पेया चेणे़ दारे रेको दुड़ुब आकाना	𑣁𑣑𑣈𑣂𑣁 𑣏𑣈𑣑𑣈 𑣑𑣁𑣑𑣃 𑣜𑣈𑣌𑣉 𑣉𑣂𑣎 𑣁𑣌𑣁𑣓𑣁	अपिया चेड़े दारु रेको दुब अकाना	अपिया चेंड़े दारु रेको दुब़ अकना	अपिया चेंड़े दारु रेको दुब़ अकना	Cardinal agreement with animate count nouns. Number 'three': Santhali 'peya' (ᱯᱮᱭᱟ) vs. Ho/Mundari 'apiya' (𑣁𑣑𑣈𑣂𑣁 / अपिया). Because the subject contains three animate entities, the verb obligatorily indexes the 3rd person plural animate subject marker '-ko' inside the predicate clitic chain ('re-ko duṛup' akana').
FLN_NUM_010	numeracy	Grade 2	चार और दो मिलकर कितने होते हैं?	ᱯᱩᱱᱭᱟᱹ ᱟᱨ ᱵᱟᱨᱭᱟ ᱢᱮᱥᱟ ᱠᱟᱛᱮ ᱛᱤᱱᱟᱹᱜ ᱦᱩᱭᱩᱜ-ᱟ?	पुन्या़ आर बारया मेसा काते तीना़ग हुयुग-आ?	𑣂𑣑𑣃𑣑𑣂𑣁 𑣁𑣑 𑣎𑣁𑣑𑣂𑣁 𑣖𑣂𑣞𑣁 𑣌𑣈𑣕𑣈 𑣏𑣂𑣖𑣂𑣓 𑣟𑣉𑣎𑣉𑣁?	उपुनिया आर बारिया मिसा केते चिमिन होबाओआ?	उपुनिया अन्दो बारिया मेसा केते चिमिन हुयुःआ?	उपुनिया अन्दो बारिया मेसा केते चिमिन हुयुःआ?	Mathematical word formulation for addition. Numerals 4 and 2: Santhali 'punyạ' (ᱯᱩᱱᱭᱟᱹ) and 'barya' (ᱵᱟᱨᱭᱟ) vs. Ho/Mundari 'upuniya' and 'baria'. Interrogative quantifiers: Santhali 'tinạk'' (ᱛᱤᱱᱟᱹᱜ) ending in glottal stop vs. Mundari/Ho 'cimin' (𑣏𑣂𑣖𑣂𑣓 / चिमिन). Future-habitual copular result: 'huyuk'-a' / 'hobao-a'.
FLN_NUM_011	numeracy	Grade 2	यह चौकोर आकृति बनाओ	ᱱᱚᱣᱟ ᱯᱩᱱᱠᱚᱬ ᱪᱤᱛᱟᱹᱨ ᱵᱮᱱᱟᱣ ᱢᱮ	नोवा पुनकोण चीता़र बेनाव मे	𑣑𑣈 𑣂𑣑𑣃𑣑 𑣌𑣉𑣓𑣁 𑣏𑣂𑣕𑣁𑣑 𑣎𑣁𑣂 𑣖𑣈	ने उपुन कोना चितार बाइ मे	ने उपुन कोना मूरत बाइ मे	ने उपुन कोना मूरत बाइ मे	2D Geometric shape production (quadrilateral/square). Santhali forms the descriptive compound 'pun-koṇ' (ᱯᱩᱱ + ᱠᱚᱬ / four-cornered); Mundari and Ho preserve prefixal cardinal form 'upun' in 'upun kona'. Verb 'benaw' (ᱵᱮᱱᱟᱣ) in Santhali contrasts with root 'bai' (बाइ / 𑣎𑣁𑣂 / to make/construct) in Mundari and Ho.
FLN_NUM_012	numeracy	Grade 2	कम और ज़्यादा की पहचान करो	ᱠᱚᱢ ᱟᱨ ᱵᱟᱹᱲᱛᱤ ᱪᱤᱱᱦᱟᱹᱣ ᱢᱮ	कोम आर बा़ड़ती चीन्हा़व मे	𑣌𑣉𑣖 𑣁𑣑 𑣑𑣂𑣑𑣋𑣁𑣚 𑣏𑣂𑣓𑣁𑣂 𑣖𑣈	कोम आर पुरगाल चीनाइ मे	कम अन्दो पुराः के चिनहाव मे	कम अन्दो पुराः के चिनहाव मे	Relational quantity evaluation. Santhali contrasts loan 'kom' with native adjectival 'bạṛti' (ᱵᱟᱹᱲᱛᱤ). Ho utilizes 'purgal' (abundant/more), while Mundari employs 'puraḥ' (पुराः / checked stop). Transitive identification takes singular imperative '-me' across all three languages.
FLN_NUM_013	numeracy	Grade 2	पाँच में तीन जोड़ने पर आठ बनता है	ᱢᱚᱬᱮ ᱨᱮ ᱯᱮ ᱡᱩᱲᱟᱹᱣ ᱞᱮᱠᱷᱟᱱ ᱤᱨᱟᱹᱞ ᱦᱩᱭᱩᱜ-ᱟ	मोणे़ रे पे जुड़ा़व लेखान इरा़ल हुयुग-आ	𑣖𑣉𑣑𑣈 𑣜𑣈 𑣁𑣑𑣈 𑣖𑣂𑣞𑣁 𑣚𑣈𑣜𑣈 𑣂𑣑𑣂𑣚 𑣟𑣉𑣎𑣉𑣁	मोड़े रे ape मिसा लेरे इरिल होबाओआ	मोड़े रे अपिया मेसा लेरे इरिल हुयुःआ	मोड़े रे अपिया मेसा लेरे इरिल हुयुःआ	Conditional arithmetic formulation. Conditional clause marked by '-lekhan' (ᱞᱮᱠᱷᱟᱱ) in Santhali and '-lere' (𑣚𑣈𑣜𑣈 / लेरे) in Ho and Mundari. Numeral 8 is phonologically aligned: Santhali 'irạl' (ᱤᱨᱟᱹᱞ) with Ahd vowel modification vs. Mundari/Ho 'iril' (𑣂𑣑𑣂𑣚 / इरिल).
FLN_NUM_014	numeracy	Grade 2	इस पंक्ति में पहला बच्चा कौन है?	ᱱᱚᱣᱟ ᱛᱷᱟᱨ ᱨᱮ ᱯᱟᱹᱦᱤᱞ ᱜᱤᱫᱽᱨᱟᱹ ᱫᱚ ᱚᱠᱚᱭ ᱠᱟᱱᱟᱭ?	नोवा थार रे पा़हिल गिदरा़ दो ओकोय कानाय?	𑣑𑣈 𑣕𑣁𑣑 𑣜𑣈 𑣑𑣁𑣟𑣂𑣚 𑣟𑣉𑣓 𑣉𑣌𑣉𑣂 𑣕𑣁𑣓𑣂?	ने थाड़ रे पहिल होन ओकोई तनी?	ने थाड़ रे सिदा होन ओकोए तनी?	ने थाड़ रे सिदा होन ओकोए तनी?	Ordinal position competency. Santhali and Ho use the assimilated ordinal 'pạhil' / 'pahil', while Hasada Mundari enforces native 'sida' (initial/foremost). Third-person singular animate pronominal clitic '-y' / '-i' obligatorily attaches to copular predicates: 'kana-y' (Santhali) / 'tan-i' (Ho/Mundari).
FLN_NUM_015	numeracy	Grade 2	चलो हम सब मिलकर बीस तक उल्टी गिनती करें	ᱫᱮᱞᱟᱵᱚ ᱥᱟᱱᱟᱢ ᱠᱚ ᱢᱮᱥᱟ ᱠᱟᱛᱮ ᱤᱥᱤ ᱠᱷᱚᱱ ᱩᱞᱴᱟᱹᱣ ᱞᱮᱠᱷᱟᱭ ᱵᱚ	देलाबो सानाम को मेसा काते इसी खोन उलटा़व लेखाय बो	𑣖𑣈𑣚𑣁𑣎𑣂 𑣞𑣁𑣎𑣂𑣑 𑣖𑣂 𑣟𑣂𑣞𑣂 𑣈𑣕𑣈 𑣂𑣚𑣁𑣔𑣁 𑣚𑣈𑣌𑣁𑣂𑣎𑣂	देलाबु सबिन मि इसी एते उलटा लेखाएबु	देलाबु सोबेनते बीस एते उलटा लेखाएबु	देलाबु सोबेनते बीस एते उलटा लेखाएबु	Higher-order backward counting (reverse sequencing from 20). Base-20 (vigesimal) structure: Santhali 'isi' (ᱤᱥᱤ) and Ho 'mi hisi' (one score) reflect indigenous counting traditions. Inclusive plural imperative frame ('delabo...-bo' / 'delabu...-bu') establishes democratic, teacher-participatory pedagogical register.
FLN_NUM_016	numeracy	Grade 2	आठ में से चार घटाने पर कितना बचेगा?	ᱤᱨᱟᱹᱞ ᱠᱷᱚᱱ ᱯᱩᱱ ᱜᱷᱟᱴᱟᱣ ᱞᱮᱠᱷᱟᱱ ᱛᱤᱱᱟᱹᱜ ᱥᱟᱨᱮᱲᱚᱜ-ᱟ?	इरा़ल खोन पुन घाटाव लेखान तीना़ग सारेड़౉ग-आ?	𑣂𑣑𑣂𑣚 𑣈𑣕𑣈 𑣂𑣑𑣃𑣑 𑣋𑣁𑣔𑣁𑣉 𑣚𑣈𑣜𑣈 𑣏𑣂𑣖𑣂𑣓 𑣞𑣁𑣑𑣈𑣀𑣁?	इरिल एते उपुन घटाव लेरे चिमिन सारेअआ?	इरिल एते उपुन घटाव लेरे चिमिन सारेःआ?	इरिल एते उपुन घटाव लेरे चिमिन सारेःआ?	Mathematical subtraction remainder inquiry. Demonstrates the North Munda root for remainder/leftover: Santhali 'sarec'' (ᱥᱟᱨᱮᱲ) with middle voice marker '-oɡ-a'; Mundari 'sareḥ-a' (सारेःआ) containing final debuccalized glottal checked stop; Ho 'sareʔ-a'.
FLN_NUM_017	numeracy	Grade 2	इन डंडियों को बराबर-बराबर बाँटो	ᱱᱚᱣᱟ ᱴᱷᱮᱝᱜᱟ ᱠᱚ ᱥᱚᱢᱟᱱ-ᱥᱚᱢᱟᱱ ᱦᱟᱹᱴᱤᱧ ᱯᱮ	नोवा ठेंगा को सोमान-सोमान हा़टिञ पे	𑣑𑣈 𑣑𑣁𑣓𑣑𑣂 𑣌𑣉 𑣎𑣁𑣑𑣁𑣎𑣁𑣑 𑣟𑣁𑣕𑣂𑣑 𑣕𑣈	ने डण्डी को बराबर हाटिंग पे	ने डण्डा को बराबर-बराबर हाटिंग पे	ने डण्डा को बराबर-बराबर हाटिंग पे	Foundational equal distribution and division concept. The North Munda root for equitable partitioning is invariant: Santhali 'haṭiñ' (ᱦᱟᱹᱴᱤᱧ) and Mundari/Ho 'hating' (𑣟𑣁𑣕𑣂𑣑 / हाटिंग). Plural child addressee imperative marker '-pe' is strictly enforced.
FLN_NUM_018	numeracy	Grade 2	किस टोकरी में ज़्यादा आम हैं?	ᱚᱠᱟ ᱴᱩᱠᱨᱤ ᱨᱮ ᱵᱟᱹᱲᱛᱤ ᱩᱞ ᱢᱮᱱᱟᱜ-ᱟ?	ओका टुकरी रे बा़ड़ती उल मेनाग-आ?	𑣉𑣌𑣉𑣁 𑣔𑣃𑣌𑣂𑣑𑣂 𑣜𑣈 𑣑𑣂𑣑𑣋𑣁𑣚 𑣂𑣚𑣂 𑣖𑣈𑣑𑣁𑣀?	ओकोआ टुकिरी रे पुरगाल उली मेनाअ?	ओको टुकिरी रे पुराः उली मेनाः?	ओको टुकिरी रे पुराः उली मेनाः?	Comparative capacity evaluation with local fauna/flora. Austroasiatic botanical cognate 'ul' (ᱩᱞ / Santhali) and 'uli' (𑣂𑣚𑣂 / Mundari/Ho / mango). Inanimate existential verb is explicitly marked: Santhali 'menak'-a' (ᱢᱮᱱᱟᱜ-ᱟ) vs. Mundari 'menaḥ' (मेनाः) vs. Ho 'menaʔ' (𑣖𑣈𑣑𑣁𑣀).
FLN_NUM_019	numeracy	Grade 2	दस और पाँच मिलकर पंद्रह होते हैं	ᱜᱮᱞ ᱟᱨ ᱢᱚᱬᱮ ᱢᱮᱥᱟ ᱠᱟᱛᱮ ᱜᱮᱞ ᱢᱚᱬᱮ ᱦᱩᱭᱩᱜ-ᱟ	गेल आर मोणे़ मेसा काते गेल मोणे़ हुयुग-आ	𑣋𑣈𑣚 𑣁𑣑 𑣖𑣉𑣑𑣈 𑣖𑣂𑣞𑣁 𑣌𑣈𑣕𑣈 𑣋𑣈𑣚 𑣖𑣉𑣑𑣈 𑣟𑣉𑣎𑣉𑣁	गेल आर मोड़े मिसा केते गेल मोड़े होबाओआ	गेल अन्दो मोड़े मेसा केते गेल मोड़े हुयुःआ	गेल अन्दो मोड़े मेसा केते गेल मोड़े हुयुःआ	Base-10 compound additive morphology for teens (11–19). 15 is systematically formed by juxtaposition of decade base 10 ('gel') + digit 5 ('mõṛẽ' / 'moṛe') across all three languages: Santhali 'gel mõṛẽ', Ho 'gel moṛe', Mundari 'gel moड़े'.
FLN_NUM_020	numeracy	Grade 3	भारी वस्तु को उठाओ और हल्की को पहचानो	ᱦᱟᱢᱟᱞ ᱡᱤᱱᱤᱥ ᱛᱩᱞ ᱢᱮ ᱟᱨ ᱨᱟᱣᱟᱞᱟᱜ ᱪᱤᱱᱦᱟᱹᱣ ᱢᱮ	हामाल जीनिस तुल मे आर रावालाग चीन्हा़व मे	𑣟𑣁𑣖𑣎𑣚 𑣏𑣂𑣎 𑣕𑣃𑣚 𑣖𑣈 𑣁𑣑 𑣑𑣈𑣉𑣁𑣚 𑣏𑣂𑣓𑣁𑣂 𑣖𑣈	हांबाल चीज तुल मे आर रेवाल चीनाइ मे	हाम्बल जिनिस तुल मे अन्दो रेवाल तेआः चिनहाव मे	हाम्बल जिनिस तुल मे अन्दो रेवाल तेआः चिनहाव मे	Weight discrimination competency. Demonstrates Proto-Munda adjectival antonym pair for weight: 'hamal'/'hambal' (ᱦᱟᱢᱟᱞ / heavy) and 'rawal'/'rewal' (lightweight). Nominalization of property: Santhali inanimate genitive marker '-ak'' in 'rawal-ak'' vs. Mundari nominalizer '-teaḥ' in 'rewal teaḥ'.
FLN_NUM_021	numeracy	Grade 3	इस पैटर्न को आगे बढ़ाओ	ᱱᱚᱣᱟ ᱛᱷᱟᱨ-ᱛᱚᱦᱚᱨ ᱞᱟᱦᱟ ᱛᱮ ᱤᱫᱤ ᱢᱮ	नोवा थार-तोहोर लाहा ते इदी मे	𑣑𑣈 𑣑𑣈𑣔𑣁𑣑𑣓 𑣖𑣁𑣑𑣁𑣀 𑣕𑣈 𑣂𑣑𑣂 𑣖𑣈	ने पैटर्न मारांग ते इदी मे	ने ढाँचा के मारांग ते इदी मे	ने ढाँचा के मारांग ते इदी मे	Abstract geometric and numerical patterning. JCERT Santhali academic curriculum renders 'pattern' as the rhyming compound 'thar-tohor' (ordering sequence). Mundari accepts 'dhãca'. Transitive directional motion verb 'idi' (to take forward) is marked with instrumental-directional postposition 'te'.
FLN_NUM_022	numeracy	Grade 3	तीन का पहाड़ा सब मिलकर बोलो	ᱯᱮ ᱨᱮᱱᱟᱜ ᱯᱟᱦᱟᱲᱟ ᱥᱟᱱᱟᱢ ᱠᱚ ᱢᱮᱥᱟ ᱠᱟᱛᱮ ᱞᱟᱹᱭ ᱯᱮ	पे रेनाग पाहाड़ा सानाम को मेसा काते ला़य पे	𑣁𑣑𑣈𑣂𑣁 𑣜𑣈𑣁𑣀 𑣑𑣁𑣟𑣁𑣑𑣁 𑣞𑣁𑣎𑣂𑣑 𑣖𑣂𑣞𑣁 𑣌𑣈𑣕𑣈 𑣌𑣁𑣌𑣂 𑣕𑣈	अपिया रेआः पाहाड़ा सबिन मिसा केते काजी पे	अपिया रेआः पाहाड़ा सोबेनको मेसा केते काजी पे	अपिया रेआः पाहाड़ा सोबेनको मेसा केते काजी पे	Multiplication table drill. Inanimate genitive clitic attached to the numeral: Santhali '-renak'' (ᱨᱮᱱᱟᱜ) vs. Mundari/Ho '-reaḥ' (𑣜𑣈𑣁𑣀 / रेआः). Plural imperative marker '-pe' coordinates class-wide choral recitation.
FLN_NUM_023	numeracy	Grade 3	दस के दो बंडल मिलकर बीस बनते हैं	ᱜᱮᱞ-ᱜᱮᱞ ᱨᱮᱱᱟᱜ ᱵᱟᱨᱭᱟ ᱯᱚᱴᱚᱢ ᱢᱮᱥᱟ ᱠᱟᱛᱮ ᱤᱥᱤ ᱦᱩᱭᱩᱜ-ᱟ	गेल-गेल रेनाग बारया पोटोम मेसा काते इसी हुयुग-आ	𑣋𑣈𑣚-𑣋𑣈𑣚 𑣜𑣈𑣁𑣀 𑣎𑣁𑣑𑣂𑣁 𑣎𑣁𑣓𑣑𑣂𑣚 𑣖𑣂𑣞𑣁 𑣌𑣈𑣕𑣈 𑣖𑣂 𑣟𑣂𑣞𑣂 𑣟𑣉𑣎𑣉𑣁	गेल-गेल रेआः बारिया बण्डल मिसा केते मि इसी होबाओआ	गेल-गेल रेआः बारिया बण्डल मेसा केते बीस हुयुःआ	गेल-गेल रेआः बारिया बण्डल मेसा केते बीस हुयुःआ	Place-value foundational bundling (ten-bundles forming decades). Distributive reduplicated numeral 'gel-gel' (tens-groups). Santhali preserves indigenous concrete packaging classifier 'potom' (ᱯᱚᱴᱚᱢ), while Ho/Mundari adapt 'banḍal'. Product yields indigenous score 'isi' / 'mi hisi'.
FLN_NUM_024	numeracy	Grade 3	मापक छड़ी से मेज़ की लंबाई नापो	ᱡᱚᱠᱷᱟ ᱴᱷᱮᱝᱜᱟ ᱛᱮ ᱴᱮᱵᱩᱞ ᱨᱮᱱᱟᱜ ᱡᱤᱞᱤᱧ ᱡᱚᱠᱷᱟᱭ ᱢᱮ	जोखा ठेंगा ते डेबुल रेनाग जीलिञ जोखाय मे	𑣌𑣉𑣌𑣁 𑣑𑣁𑣓𑣑𑣂 𑣕𑣈 𑣔𑣈𑣎𑣃𑣚 𑣜𑣈𑣁𑣀 𑣎𑣂𑣚𑣂𑣑 𑣌𑣉𑣌𑣁𑣂 𑣖𑣈	जोखा डण्डी ते डेबुल रेआः जिलिंग जोकाइ मे	जोखा डण्डा ते मेज रेआः जिलिंग जोखाए मे	जोखा डण्डा ते मेज रेआः जिलिंग जोखाए मे	Informal and non-standard measurement units. Root 'jokha' (measurement) functions both as modifier ('jokha ṭhenga' / measuring rod) and verbal head ('jokhạy-me' / 'jokhae-me'). Instrumental case marker '-te' indicates the tool of measurement.
FLN_NUM_025	numeracy	Grade 3	चलो हम सब मिलकर गणित का खेल खेलें	ᱫᱮᱞᱟᱵᱚ ᱥᱟᱱᱟᱢ ᱠᱚ ᱢᱮᱥᱟ ᱠᱟᱛᱮ ᱞᱮᱠᱷᱟ ᱨᱮᱱᱟᱜ ᱮᱱᱮᱡ ᱮᱱᱮᱡᱟᱵᱚ	देलाबो सानाम को मेसा काते लेखा रेनाग एनेज एनेजाबो	𑣖𑣈𑣚𑣁𑣎𑣂 𑣞𑣁𑣎𑣂𑣑 𑣚𑣈𑣌𑣁 𑣜𑣈𑣁𑣀 𑣂𑣓𑣃𑣑 𑣂𑣓𑣃𑣑𑣎𑣂	देलाबु सबिन लेखा रेआः इनुं इनुंबु	देलाबु सोबेनते लेखा रेआः इनुं इनुंबु	देलाबु सोबेनते लेखा रेआः इनुं इनुंबु	Pedagogical play-based numeracy integration. Play cognates diverge systematically between Kherwarian branches: Santhali root 'enej' (ᱮᱱᱮᱡ) vs. Ho/Mundari cognate 'inuñ'/'inuṅ' (𑣂𑣓𑣃𑣑 / इनुं). Inclusive first-person plural marking ('delabo...-bo' / 'delabu...-bu') completes the collaborative cycle.
FLN_CMD_001	classroom_command	Grade 1	अपनी जगह पर बैठो	ᱟᱢᱟᱜ ᱡᱟᱜᱟ ᱨᱮ ᱫᱩᱲᱩᱵ ᱢᱮ	आमाग जागा रे दुड़ुब मे	𑢢𑣆𑣁𑣀 𑣕𑣁𑣓𑣈𑣉 𑣜𑣈 𑣉𑣂𑣎 𑣖𑣈	आमाः ताएद रे दुब मे	अमाः तायद रे दुब़ मे	आमाः तायद रे दुब़ मे	Santhali uses the 2nd person singular genitive 'amag' (ᱟᱢᱟᱜ), locative postposition '-re' (ᱨᱮ), and root verb 'duṛup'' with singular familiar imperative suffix '-me' (ᱢᱮ). Mundari and Ho preserve checked bilabial stop [b'] in 'dub़' with identical familiar imperative clitic '-me'.
FLN_CMD_002	classroom_command	Grade 1	सब बच्चे सीधे खड़े हो जाओ	ᱡᱚᱛᱚ ᱜᱤᱫᱽᱨᱟᱹ ᱥᱚᱡᱷᱮ ᱛᱤᱸᱜᱩᱱ ᱯᱮ	जोतो गिदरा़ सोज्हे ति़ंगुन पे	𑣞𑣉𑣎𑣈𑣑 𑣟𑣉𑣑𑣌𑣉 𑣞𑣉𑣌𑣈 𑣕𑣈 𑣕𑣂𑣑𑣋𑣂 𑣕𑣈	सोबेन होनको सोजे ते तिङ्गु पे	सोबेन होनको सोजे ते तिङ्गु पे	सोबेन होनको सोजे ते तिङ्गु पे	Addresses the whole class using the 2nd person plural imperative marker: Santhali '-pe' (ᱯᱮ), Mundari and Ho '-pe' (पे). The quantifier 'soben' (Mundari/Ho) and 'joto' (Santhali) denote totality. Mundari/Ho use the plural animate marker '-ko'.
FLN_CMD_003	classroom_command	Grade 1	अपनी किताब खोलो	ᱟᱢᱟᱜ ᱯᱩᱛᱷᱤ ᱡᱷᱤᱡᱽ ᱢᱮ	आमाग पुथि झिज मे	𑢢𑣆𑣁𑣀 𑣑𑣉𑣔𑣉𑣎 𑣉𑣚𑣉 𑣖𑣈	आमाः पोतोब ओलो मे	अमाः पुथी उतास मे	आमाः पुथी उतास मे	Singular familiar imperative directed to an individual learner. Santhali verb 'jhij' carries the checked consonant modifier Ahd (ᱽ). Mundari employs 'utas' (to open/spread out sheets), while Ho colloquially uses 'olo' or 'jhij'.
FLN_CMD_004	classroom_command	Grade 1	किताब बंद करो	ᱯᱩᱛᱷᱤ ᱯᱚᱴᱚᱢ ᱢᱮ	पुथि पोटोम मे	𑣑𑣉𑣔𑣉𑣎 𑣑𑣉𑣔𑣉𑣆 𑣖𑣈	पोतोब पोतोम मे	पुथी पोतोम मे	पुथी पोतोम मे	The verbal root 'poṭom' (ᱯᱚᱴᱚᱢ) across all three North Munda languages fundamentally signifies wrapping or folding together, conventionally standardized in primary pedagogic registers for closing a codex/book.
FLN_CMD_005	classroom_command	Grade 1	सब शांत रहो और ध्यान से सुनो	ᱥᱟᱱᱟᱢ ᱠᱚ ᱛᱷᱤᱨᱩᱜ ᱯᱮ ᱟᱨ ᱫᱷᱮᱭᱟᱱ ᱛᱮ ᱟᱧᱡᱚᱢ ᱯᱮ	सानाम को थिरुग पे आर धेयान ते आंजोम पे	𑣞𑣁𑣎𑣂𑣑 𑣌𑣉 𑣕𑣕𑣂𑣑 𑣑𑣈 𑣁𑣑 𑣖𑣓𑣁𑣑 𑣕𑣈 𑣁𑣓𑣂𑣆 𑣕𑣈	सबिन को थिर पे आर ध्यान ते आयूम पे	सोबेनको थिर कोअः पे अन्दो मन लगाके आयुम पे	सोबेनको थिर कोअः पे अन्दो मन लगाके आयुम पे	Plural imperative '-pe' applied symmetrically to both coordinated clauses. 'Thir' (stasis/silence) followed by middle/intransitive markers. 'Ajom' (Santhali) and 'Ayum' (Ho/Mundari) represent the common proto-Munda auditory root.
FLN_CMD_006	classroom_command	Grade 1	अपनी स्लेट दिखाओ	ᱟᱢᱟᱜ ᱥᱞᱮᱴ ᱩᱫᱩᱜ ᱢᱮ	आमाग स्लेट उदुक मे	𑢢𑣆𑣁𑣀 𑣞𑣚𑣈𑣔 𑣂𑣉𑣂𑣀 𑣖𑣈	आमाः स्लेट उदुअ मे	अमाः स्लेट उदुः मे	आमाः स्लेट उदुः मे	Direct transitive command targeting the individual child. The verb 'uduk'' features an unreleased velar stop [k'] in Santhali, realized with debuccalization to a glottal stop /u-duʔ/ in Mundari (written उदुः with visarga) and Ho.
FLN_CMD_007	classroom_command	Grade 1	हाथ धोकर आओ	ᱛᱤ ᱟᱹᱨᱩᱵ ᱠᱟᱛᱮ ᱦᱤᱡᱩᱜ ᱢᱮ	ती आ़रुब काते हिजुग मे	𑣕𑣂 𑣁𑣎𑣂𑣙 𑣌𑣈𑣕𑣈 𑣟𑣂𑣌𑣂𑣀 𑣖𑣈	ती अबुं केते हिजुअ मे	ती अबुब़ केते हिजुः मे	ती अबुब़ केते हिजुः मे	Conjunctive sequential participle structure: verbal root + '-kate' (Santhali) / '-kete' (Ho/Mundari). Lexical cognates: 'ti' (hand) across all three, with specific washing verb 'aṛup'' (Santhali) vs 'abub'' (Mundari/Ho specifically for limbs).
FLN_CMD_008	classroom_command	Grade 1	एक सीधी कतार बनाओ	ᱢᱤᱫᱴᱟᱝ ᱥᱚᱡᱷᱮ ᱛᱷᱟᱨ ᱵᱮᱱᱟᱣ ᱯᱮ	मिदटांग सोज्हे थार बेनाव पे	𑣖𑣂𑣓𑣁𑣉 𑣞𑣉𑣌𑣈 𑣕𑣁𑣑 𑣎𑣁𑣂 𑣕𑣈	मियाद सोजे थाड़ बाइ पे	मियाद सोजे थाड़ बाइ पे	मियाद सोजे थाड़ बाइ पे	Numeral 'one' shows the classifier '-ṭang' in Santhali ('mit'-ṭang'), contrasting with the standalone cardinal form 'miyad' in Mundari and Ho. Plural imperative '-pe' addresses the student group.
FLN_CMD_009	classroom_command	Grade 1	श्यामपट्ट की ओर देखो	ᱦᱮᱸᱫᱮ ᱯᱟᱴᱟ ᱥᱮᱫ ᱠᱚᱭᱚᱜ ᱢᱮ	हेंदे पाटा सेद कोयोक मे	𑣟𑣈𑣑𑣉𑣈 𑣎𑣉𑣑𑣉 𑣑𑣁𑣀 𑣑𑣈𑣚 𑣖𑣈	हेन्दे बोर्ड पाः नेल मे	हेन्दे पाटा पाः नेल मे	हेन्दे पाटा पाः नेल मे	'Blackboard' is natively expressed via descriptive compound 'hende paṭa' (black board) in Santhali and Mundari. Directional postpositions: Santhali 'sed' (towards) vs Mundari/Ho 'paḥ' (side/direction). Verbs differentiate: Santhali 'koyok'' (look up towards) vs Mundari 'nel' (see/look).
FLN_CMD_010	classroom_command	Grade 1	पेंसिल और कॉपी निकालो	ᱯᱮᱱᱥᱤᱞ ᱟᱨ ᱠᱷᱟᱛᱟ ᱚᱰᱚᱠ ᱢᱮ	पेन्सिल आर खाता ओडोक मे	𑣑𑣈𑣑𑣞𑣂𑣚 𑣁𑣑 𑣌𑣁𑣕𑣁 𑣉𑣑𑣉𑣀 𑣖𑣈	पेन्सिल आर खाता ओड़ोअ मे	पेन्सिल अन्दो खाता उडुक़ मे	पेन्सिल अन्दो खाता उडुक़ मे	Loan realia 'pensil' and 'khata' integrated with native Munda syntax. Egress verb: Santhali 'oḍok'' (ᱚᱰᱚᱠ), Ho 'oṛoʔ', and Mundari 'uḍuk़' (उडुक़). Conjunction: Santhali/Ho 'ar' vs Mundari 'ando'.
FLN_CMD_011	classroom_command	Grade 2	अपने साथी की मदद करो	ᱟᱢᱨᱮᱱ ᱜᱟᱛᱮ ᱜᱚᱲᱚ ᱟᱭ ᱢᱮ	आमरेन गाते गोड़ो आय मे	𑢢𑣆𑣑𑣈𑣑 𑣋𑣁𑣕𑣈 𑣉𑣈𑣙𑣋𑣁𑣂 𑣖𑣈	अमरेन गाते देंगा-इ मे	अमरेन गाते के गोड़ो आइ मे	अमरेन गाते के गोड़ो आइ मे	Demonstrates the essential animate genitive marker '-ren' (ᱟᱢᱨᱮᱱ / अमरेन) distinguishing animate relations from inanimate '-ak''. Direct pronominal object incorporation '-ay' / '-i' marks the 3rd person singular beneficiary before the imperative marker '-me'.
FLN_CMD_012	classroom_command	Grade 2	यह पाठ ज़ोर से पढ़ो	ᱱᱚᱣᱟ ᱯᱟᱲᱦᱟᱣ ᱟᱲᱟᱝ ᱛᱮ ᱯᱟᱲᱦᱟᱣ ᱢᱮ	नोवा पाड़हाव आड़ांग ते पाड़हाव मे	𑣑𑣈 𑣑𑣁𑣕 𑣌𑣁𑣏𑣈𑣉 𑣕𑣈 𑣑𑣁𑣑𑣟𑣁𑣉 𑣖𑣈	ने पाठ कचेद ते पढाव मे	ने पाठ कचेद साड़े ते पढाव मे	ने पाठ कचेद साड़े ते पढाव मे	Proximal demonstrative base differs: Santhali 'nowa' (ᱱᱚᱣᱟ) vs Ho/Mundari 'ne' (ने). 'Loudly' is expressed idiomatically using instrumental '-te' with acoustic nouns: Santhali 'aṛang te' (by voice), Mundari 'kaced saṛe te' (with sharp/clear sound).
FLN_CMD_013	classroom_command	Grade 2	साफ़-साफ़ अक्षरों में लिखो	ᱥᱟᱯᱷᱟ-ᱥᱟᱯᱷᱟ ᱟᱠᱷᱚᱨ ᱛᱮ ᱚᱞ ᱢᱮ	साफा-साफा आखोर ते ओल मे	𑣞𑣁𑣑𑣁 𑣁𑣌𑣉𑣑 𑣕𑣈 𑣉𑣚 𑣖𑣈	सफा अखोर ते ओल मे	सफा-सफा ओओल ते ओल मे	सफा-सफा ओओल ते ओल मे	The North Munda ancestral literacy verb 'ol' (ᱚᱞ / ओल) governs the predicate. Santhali and Ho use loan root 'akhor', while Mundari accepts 'o-ol' (nominalized reduplicated stem of 'ol') marked by the instrumental postposition '-te'.
FLN_CMD_014	classroom_command	Grade 1	हाथ ऊपर उठाओ	ᱟᱢᱟᱜ ᱛᱤ ᱪᱮᱛᱟᱱ ᱛᱩᱞ ᱢᱮ	आमाग ती चेतान तुल मे	𑣕𑣂 𑣏𑣈𑣕𑣁𑣑 𑣕𑣂𑣚 𑣖𑣈	ती चेतान तुल मे	ती चेतान तुल मे	ती चेतान तुल मे	Complete three-way North Munda lexical unity: 'ti' (hand), 'cetan' (above/upward), and 'tul' (raise/elevate), closed by the singular imperative clitic '-me'.
FLN_CMD_015	classroom_command	Grade 2	चलो, हम सब मिलकर गोल घेरा बनाएँ	ᱫᱮᱞᱟᱵᱚ ᱥᱟᱱᱟᱢ ᱠᱚ ᱢᱮᱥᱟ ᱠᱟᱛᱮ ᱜᱩᱞᱟᱹᱭ ᱵᱮᱱᱟᱣᱟᱵᱚ	देलाबो सानाम को मेसा काते गुला़य बेनावाबो	𑣖𑣈𑣚𑣁𑣎𑣂 𑣞𑣁𑣎𑣂𑣑 𑣖𑣂𑣞𑣁 𑣌𑣈𑣕𑣈 𑣋𑣂𑣑𑣁 𑣎𑣁𑣂𑣎𑣂	देलाबु सबिन मिसा केते गुड़ा बाइबु	देलाबु सोबेनते गोल घेरा बाइबु	देलाबु सोबेनते गोल घेरा बाइबु	Strict pedagogical enforcement of the First-Person Inclusive Plural: Santhali clitic '-bo' (ᱫᱮᱞᱟᱵᱚ / ᱵᱮᱱᱟᱣᱟᱵᱚ), Mundari/Ho '-bu' (देलाबु / बाइबु). This grammatical form mandatorily binds the teacher and all pupils together, strictly precluding exclusive 'ale'.
FLN_CMD_016	classroom_command	Grade 2	कचरा कूड़ेदान में डालो	ᱡᱟᱵᱽᱨᱟ ᱠᱩᱲᱟᱹᱫᱟᱱ ᱨᱮ ᱜᱤᱰᱤ ᱢᱮ	जाबरा कुड़ा़दान रे गिडी मे	𑣉𑣂𑣑𑣁 𑣌𑣂𑣉𑣁𑣉𑣁𑣑 𑣜𑣈 𑣋𑣂𑣉𑣂 𑣖𑣈	धुरा कूड़ादान रे गिड़ी मे	मैला जाबरा कूड़ादान रे सामा मे	मैला जाबरा कूड़ादान रे सामा मे	Santhali/Ho use 'giḍi' (discard/drop), whereas Mundari standardizes 'sama' (insert/deposit into a receptacle). All three employ locative postposition '-re' on the borrowed compound 'kuṛadan'.
FLN_CMD_017	classroom_command	Grade 2	अपने बस्ते को व्यवस्थित रखो	ᱟᱢᱟᱜ ᱡᱷᱳᱞᱟ ᱥᱟᱡᱟᱣ ᱠᱟᱛᱮ ᱫᱚᱦᱚᱭ ᱢᱮ	आमाग झोला साजाव काते दोहोय मे	𑢢𑣆𑣁𑣀 𑣌𑣉𑣚𑣁 𑣎𑣈𑣞 𑣕𑣈 𑣉𑣉𑣟𑣉𑣂 𑣖𑣈	आमाः झोला बेस ते दोहोइ मे	अमाः झोला बेस लेका दोहोइ मे	आमाः झोला बेस लेका दोहोइ मे	Root 'doho' (ᱫᱚᱦᱚ / दोहो - to keep/place) is shared across all three languages. Santhali takes participial compound 'sajaw kate' (arranging), while Mundari/Ho prefer adverbial compounds 'bes leka' / 'bes te' (properly).
FLN_CMD_018	classroom_command	Grade 2	अपनी-अपनी जगह पर वापस जाओ	ᱟᱯᱱᱟᱨ-ᱟᱯᱱᱟᱨ ᱡᱟᱜᱟ ᱛᱮ ᱨᱩᱣᱟᱹᱲ ᱯᱮ	आपनार-आपनार जागा ते रुवा़ड़ पे	𑢢𑣑𑣑𑣁𑣑 𑣕𑣁𑣓𑣈𑣉 𑣕𑣈 𑣜𑣂𑣒𑣁𑣑 𑣕𑣈	अप्पन ताएद ते रुवाड़ पे	अप्पन-अप्पन तायद ते रुवाड़ पे	अप्पन-अप्पन तायद ते रुवाड़ पे	Distributive possession expressed through reduplicated reflexive 'apnar-apnar' (Santhali) / 'appan-appan' (Mundari). Intransitive return motion verb 'ruwaṛ' takes the 2nd person plural imperative marker '-pe' addressing children collectively.
FLN_CMD_019	classroom_command	Grade 2	चलो, हम सब मिलकर प्रार्थना गाएँ	ᱫᱮᱞᱟᱵᱚ ᱥᱟᱱᱟᱢ ᱠᱚ ᱢᱮᱥᱟ ᱠᱟᱛᱮ ᱵᱤᱱᱛᱤ ᱥᱮᱨᱮᱧᱟᱵᱚ	देलाबो सानाम को मेसा काते बिन्ति सेरेञाबो	𑣖𑣈𑣚𑣁𑣎𑣂 𑣞𑣁𑣎𑣂𑣑 𑣎𑣂𑣑𑣕𑣂 𑣉𑣂𑣑𑣁𑣙𑣈𑣎𑣂	देलाबु सबिन बिनती दुरङ्गेबु	देलाबु सोबेनते बिनती दुरङेबु	देलाबु सोबेनते बिनती दुरङेबु	Rigid inclusive cohortative: Mundari/Ho combine 'durang' (song/sing) + '-e-' (transitive) + '-bu' (1st person inclusive plural). Santhali uses 'sereñ' (ᱥᱮᱨᱮᱧ) + indicative 'a' + inclusive suffix '-bo' (ᱵᱚ).
FLN_CMD_020	classroom_command	Grade 1	सब मिलकर ताली बजाओ	ᱡᱚᱛᱚ ᱠᱚ ᱢᱮᱥᱟ ᱠᱟᱛᱮ ᱛᱟᱹᱞᱤ ᱛᱷᱟᱯᱟᱭ ᱯᱮ	जोतो को मेसा काते ता़ली थापाय पे	𑣞𑣁𑣎𑣂𑣑 𑣖𑣂𑣞𑣁 𑣌𑣈𑣕𑣈 𑣕𑣁𑣚𑣂 𑣕𑣁𑣑𑣁𑣈 𑣕𑣈	सबिन मिसा केते ताली थपाए पे	सोबेनको मेसा केते ताली थपाए पे	सोबेनको मेसा केते ताली थपाए पे	Compound action: 'tạli' (clap) + 'thapay'/'thapae' (slap/strike rhythmically). Collective participial linker: 'mesa kate' (Santhali) / 'mesa kete' (Mundari/Ho). Plural addressee marked by '-pe'.
FLN_CMD_021	classroom_command	Grade 3	जो पूछना है, बारी-बारी से पूछो	ᱡᱟᱦᱟᱸ ᱠᱩᱠᱞᱤ ᱢᱮᱱᱟᱜ-ᱟ, ᱵᱟᱨᱤ-ᱵᱟᱨᱤ ᱛᱮ ᱠᱩᱞᱤᱭ ᱯᱮ	जाहां कुकली मेनाग-आ, बारी-बारी ते कुलिय पे	𑣌𑣁𑣟𑣁𑣑 𑣌𑣂𑣚𑣂 𑣖𑣈𑣑𑣁𑣀, 𑣎𑣁𑣑𑣂 𑣕𑣈 𑣌𑣂𑣚𑣂 𑣕𑣈	जहां कुली मेनाअ, बारी ते कुली पे	जहां कुली मेनाः, बारी-बारी ते कुली पे	जहां कुली मेनाः, बारी-बारी ते कुली पे	Relative clause syntax: indefinite relative pronoun 'jahã' (ᱡᱟᱦᱟᱸ / जहां), nominalized question stem 'kukli' / 'kuli', existential verb 'menak'-a' (ᱢᱮᱱᱟᱜ-ᱟ) / 'menaḥ'. Iterative adverb marked by instrumental '-te', governing plural imperative 'kuli-pe'.
FLN_CMD_022	classroom_command	Grade 3	चित्र देखकर कहानी बताओ	ᱪᱤᱛᱟᱹᱨ ᱧᱮᱞ ᱠᱟᱛᱮ ᱠᱟᱹᱦᱱᱤ ᱞᱟᱹᱭ ᱢᱮ	चीता़र ञेल काते का़ह्नी ला़य मे	𑣏𑣂𑣕𑣁𑣑 𑣑𑣈𑣚 𑣌𑣈𑣕𑣈 𑣌𑣁𑣟𑣁𑣑𑣂 𑣌𑣁𑣌𑣂 𑣖𑣈	चितार नेल केते कहनी काजी मे	मूरत नेल केते कहनी काजी मे	मूरत नेल केते कहनी काजी मे	Sequential verbal action: visual perception 'ñel' (ᱧᱮᱞ / नेल) + conjunctive coordinator '-kate'/'-kete', followed by speech act verb: Santhali 'lạy' (ᱞᱟᱹᱭ - narrate/tell) vs Mundari/Ho 'kaji' (speak/state), with singular imperative '-me'.
FLN_CMD_023	classroom_command	Grade 3	अपना काम पूरा करके दिखाओ	ᱟᱢᱟᱜ ᱠᱟᱹᱢᱤ ᱯᱩᱨᱟᱹᱣ ᱠᱟᱛᱮ ᱩᱫᱩᱜ ᱢᱮ	आमाग का़मी पुरा़व काते उदुक मे	𑢢𑣆𑣁𑣀 𑣌𑣁𑣖𑣂 𑣏𑣁𑣎𑣁 𑣌𑣈𑣕𑣈 𑣂𑣉𑣂𑣀 𑣖𑣈	आमाः कामी चबा केते उदुअ मे	अमाः कामी चबा केते उदुः मे	आमाः कामी चबा केते उदुः मे	Santhali employs loan completion root 'purạw' (ᱯᱩᱨᱟᱹᱣ), whereas Mundari and Ho utilize the native Austroasiatic completive aspect verb 'caba' (चबा - to exhaust/finish entirely). Displays checked velar stops in both 'uduk'' and 'uduḥ'.
FLN_CMD_024	classroom_command	Grade 3	कक्षा में दौड़ो मत, आराम से चलो	ᱪᱟᱱᱟᱪ ᱨᱮ ᱟᱞᱚᱯᱮ ᱫᱟᱹᱲᱟ, ᱵᱷᱟᱹᱜᱤ ᱛᱮ ᱛᱟᱲᱟᱢ ᱯᱮ	चानाच रे आलोपे दा़ड़ा, भागी ते ताड़ाम पे	𑣌𑣚𑣁𑣞 𑣜𑣈 𑣁𑣚𑣉𑣑𑣈 𑣑𑣂𑣑𑣁, 𑣎𑣈𑣞 𑣕𑣈 𑣞𑣈𑣑 𑣕𑣈	क्लास रे आलोपे नीरा, बेस ते सेन पे	कछा रे आलोपे निर-बाड़ाए, बिश्राम ते सेन पे	कछा रे आलोपे निर-बाड़ाए, बिश्राम ते सेन पे	Prohibitive negative particle incorporating the 2nd person plural marker: 'alo-pe' (ᱟᱞᱚᱯᱮ / आलोपे - do not!). Velocity contrasts: Santhali 'dạṛ' (run) / 'taṛam' (walk step-by-step) vs Mundari/Ho 'nir' (run) / 'sen' (walk/go).
FLN_CMD_025	classroom_command	Grade 3	चलो, हम सब मिलकर गतिविधि शुरू करें	ᱫᱮᱞᱟᱵᱚ ᱥᱟᱱᱟᱢ ᱠᱚ ᱢᱮᱥᱟ ᱠᱟᱛᱮ ᱠᱟᱹᱢᱤᱦᱚᱨᱟ ᱮᱦᱚᱵᱟᱵᱚ	देलाबो सानाम को मेसा काते का़मीहोरा एह౉बाबो	𑣖𑣈𑣚𑣁𑣎𑣂 𑣞𑣁𑣎𑣂𑣑 𑣌𑣁𑣖𑣂𑣟𑣉𑣑𑣁 𑣈𑣕𑣉𑣟𑣉𑣎𑣈𑣎𑣂	देलाबु सबिन कामीहोरा एतोहॊबेबु	देलाबु सोबेनते कामीहोरा एतोहब़ेबु	देलाबु सोबेनते कामीहोरा एतोहब़ेबु	'Activity' is rendered by the standardized JCERT academic neologism 'kạmihora' (ᱠᱟᱹᱢᱤᱦᱚᱨᱟ / कामीहोरा - work-way). Strict adherence to inclusive cohortative morpheme: Santhali '-bo' (ᱮᱦᱚᱵᱟᱵᱚ) and Mundari/Ho '-bu' (एतोहब़ेबु), uniting the instructor and learners in the learning task.
