source	target
नब्बे	ᱯᱩᱱ ᱤᱥᱤ ᱜᱮᱞ
पैर	ᱡᱟᱸᱜᱟ
गरम सफेद दूध पियो	ᱞᱚᱞᱚ ᱯᱩᱸᱰ ᱛᱳᱣᱟ ᱧᱩᱭ ᱢᱮ
तुम कहाँ रहते हो?	ᱟᱢ ᱫᱚ ᱚᱠᱟᱨᱮᱢ ᱛᱟᱦᱮᱸᱱᱟ?
नीला	ᱞᱤᱞ
हम सब अपने गाँव को साफ़ रखेंगे	ᱟᱵᱚ ᱥᱟᱱᱟᱢ ᱠᱚ ᱟᱵᱚᱣᱟᱜ ᱟᱹᱛᱩ ᱥᱟᱯᱷᱟᱵᱚ ᱫᱚᱦᱚᱭᱟ
तीन सेब	ᱯᱮ ᱥᱮᱣ
अब किसकी बारी है?	ᱱᱤᱛᱚᱜ ᱫᱚ ᱚᱠᱚᱭᱟᱜ ᱯᱟᱞᱟ ᱠᱟᱱᱟ?
मुझे स्लेट दो	ᱤᱧ ᱥᱞᱮᱴ ᱮᱢᱟᱹᱧ ᱢᱮ
रविवार को छुट्टी होती है	ᱥᱤᱸᱜᱮ ᱢᱟᱦᱟᱸ ᱫᱚ ᱪᱷᱩᱴᱤ ᱛᱟᱦᱮᱸᱱᱟ
मेज़	ᱴᱮᱵᱩᱞ
एक किताब	ᱢᱤᱫ ᱯᱩᱛᱷᱤ
अतिथि को पानी पिलाओ	ᱯᱮᱲᱟ ᱦᱚᱲ ᱫᱟᱜ ᱮᱢᱟᱭ ᱢᱮ
स्लेट पर अपनी पसंद का चित्र बनाओ	ᱥᱞᱮᱴ ᱨᱮ ᱟᱯᱱᱟᱨ ᱠᱩᱥᱤ ᱪᱤᱛᱟᱹᱨ ᱵᱮᱱᱟᱣ ᱢᱮ
केला	ᱠᱟᱭᱨᱟ
हाथ धोकर आओ	ᱛᱤ ᱟᱹᱨᱩᱵ ᱠᱟᱛᱮ ᱦᱤᱡᱩᱜ ᱢᱮ
तीन चिड़ियाँ पेड़ पर बैठी हैं	ᱯᱮᱭᱟ ᱪᱮᱬᱮ ᱫᱟᱨᱮ ᱨᱮᱠᱚ ᱫᱩᱲᱩᱵ ᱟᱠᱟᱱᱟ
खुले में रखा खाना मत खाओ	ᱚᱴᱟᱝ ᱨᱮ ᱫᱚᱦᱚ ᱟᱠᱟᱱ ᱡᱚᱢᱟᱜ ᱟᱞᱚᱢ ᱡᱚᱢᱟ
संख्या दस	ᱜᱮᱞ
कुत्ता	ᱥᱮᱛᱟ
मेंढक	ᱨᱚᱴᱮ
प्याज	ᱯᱮᱭᱟᱸᱡᱽ
यह लाल सेब है	ᱱᱚᱣᱟ ᱫᱚ ᱟᱨᱟᱜ ᱥᱮᱣ ᱠᱟᱱᱟ
जो पूछना है, बारी-बारी से पूछो	ᱡᱟᱦᱟᱸ ᱠᱩᱠᱞᱤ ᱢᱮᱱᱟᱜ-ᱟ, ᱵᱟᱨᱤ-ᱵᱟᱨᱤ ᱛᱮ ᱠᱩᱞᱤᱭ ᱯᱮ
नाखून	ᱨᱟᱢᱟ
यह रेखा पतली है	ᱱᱚᱣᱟ ᱜᱟᱟᱨ ᱫᱚ ᱯᱟᱛᱞᱟ ᱜᱮᱭᱟ
साफ़-साफ़ अक्षरों में लिखो	ᱥᱟᱯᱷᱟ-ᱥᱟᱯᱷᱟ ᱟᱠᱷᱚᱨ ᱛᱮ ᱚᱞ ᱢᱮ
एक छोटी सी कहानी सुनाओ	ᱢᱤᱫᱴᱟᱝ ᱠᱟᱹᱴᱤᱡ ᱠᱟᱹᱦᱱᱤ ᱞᱟᱹᱭ ᱢᱮ
इन कंकड़ों को गिनकर बताओ	ᱱᱚᱣᱟ ᱜᱤᱴᱤᱞ ᱠᱚ ᱞᱮᱠᱷᱟ ᱠᱟᱛᱮ ᱞᱟᱹᱭ ᱢᱮ
आठ	ᱤᱨᱟᱹᱞ
भात (पका चावल)	ᱫᱟᱠᱟ
शाबाश, बहुत बढ़िया!	ᱟᱹᱰᱤ ᱵᱷᱟᱹᱜᱤ!
दो कान गिनकर बताओ	ᱵᱟᱨ ᱞᱩᱛᱩᱨ ᱞᱮᱠᱷᱟ ᱠᱟᱛᱮ ᱞᱟᱹᱭ ᱢᱮ
यहाँ दो किताब हैं	ᱱᱚᱸᱰᱮ ᱵᱟᱨ ᱯᱩᱛᱷᱤ ᱢᱮᱱᱟᱜ-ᱟ
जीव-जंतुओं पर दया करो	ᱡᱤᱵᱽ-ᱡᱤᱭᱟᱹᱞᱤ ᱠᱚ ᱫᱟᱭᱟ ᱠᱚ ᱢᱮ
दो सेब गिनकर बताओ	ᱵᱟᱨ ᱥᱮᱣ ᱞᱮᱠᱷᱟ ᱠᱟᱛᱮ ᱞᱟᱹᱭ ᱢᱮ
गाय घास खा रही है	ᱜᱟᱹᱭ ᱜᱷᱟᱥᱮ ᱡᱚᱢᱮᱫᱟ
अपने बस्ते को व्यवस्थित रखो	ᱟᱢᱟᱜ ᱡᱷᱳᱞᱟ ᱥᱟᱡᱟᱣ ᱠᱟᱛᱮ ᱫᱚᱦᱚᱭ ᱢᱮ
तीन का पहाड़ा सब मिलकर बोलो	ᱯᱮ ᱨᱮᱱᱟᱜ ᱯᱟᱦᱟᱲᱟ ᱥᱟᱱᱟᱢ ᱠᱚ ᱢᱮᱥᱟ ᱠᱟᱛᱮ ᱞᱟᱹᱭ ᱯᱮ
शुभ प्रभात	ᱥᱟᱹᱜᱩᱱ ᱥᱮᱛᱟᱜ
चलो हम सब मिलकर एक नया पौधा लगाएँ	ᱫᱮᱞᱟᱵᱚ ᱥᱟᱱᱟᱢ ᱠᱚ ᱢᱮᱥᱟ ᱠᱟᱛᱮ ᱢᱤᱫᱴᱟᱝ ᱱᱟᱣᱟ ᱫᱟᱨᱮᱵᱚ ᱨᱚᱦᱚᱭᱟ
साँप ज़मीन के बिल में रहता है	ᱵᱤᱧ ᱫᱚ ᱦᱟᱥᱟ ᱵᱷᱩᱜᱟᱹᱜ ᱨᱮᱭ ᱛᱟᱦᱮᱸᱱᱟ
फिर से कोशिश करो	ᱟᱨᱦᱚᱸ ᱢᱤᱫ ᱫᱷᱟᱣ ᱠᱩᱨᱩᱢᱩᱴᱩᱭ ᱢᱮ
आपस में झगड़ा मत करो	ᱟᱯᱱᱟᱨ ᱛᱟᱞᱟ ᱨᱮ ᱟᱞᱚᱯᱮ ᱛᱚᱯᱚᱲᱟ
गाय हमें दूध देती है	ᱜᱟᱹᱭ ᱫᱚ ᱛᱚᱣᱟᱭ ᱮᱢᱟᱵᱚᱱᱟ
संख्या सात	ᱮᱭᱟᱭ
दूसरों को क्षमा करना सीखो	ᱮᱴᱟᱜ ᱦᱚᱲ ᱤᱠᱟᱹ ᱠᱟᱠᱚ ᱪᱮᱫ ᱢᱮ
हल्का	ᱨᱟᱣᱟᱞ
दस उँगली गिनकर बताओ	ᱜᱮᱞ ᱠᱟᱹᱴᱩᱵ ᱞᱮᱠᱷᱟ ᱠᱟᱛᱮ ᱞᱟᱹᱭ ᱢᱮ
पानी	ᱫᱟᱜ
बस्ते में पेंसिल रखो	ᱛᱷᱟᱹᱞᱤ ᱨᱮ ᱯᱮᱱᱥᱤᱞ ᱫᱚᱦᱚᱭ ᱢᱮ
दस	ᱜᱮᱞ
हरी पत्ती / साग	ᱟᱲᱟᱜ
अट्ठारह	ᱜᱮᱞ ᱤᱨᱟᱹᱞ
यहाँ पाँच सेब हैं	ᱱᱚᱸᱰᱮ ᱢᱚᱬᱮ ᱥᱮᱣ ᱢᱮᱱᱟᱜ-ᱟ
काला	ᱦᱮᱸᱫᱮ
मुझे तीन पेंसिल दो	ᱤᱧ ᱯᱮ ᱯᱮᱱᱥᱤᱞ ᱮᱢᱟᱹᱧ ᱢᱮ
आज आपने क्या नया सीखा?	ᱛᱮᱦᱮᱧ ᱟᱢ ᱪᱮᱫ ᱱᱟᱣᱟ ᱠᱟᱛᱷᱟᱢ ᱪᱮᱫ ᱠᱮᱫᱟ?
मुझे दो सेब दो	ᱤᱧ ᱵᱟᱨ ᱥᱮᱣ ᱮᱢᱟᱹᱧ ᱢᱮ
यह महुआ का पेड़ है	ᱱᱚᱣᱟ ᱫᱚ ᱢᱟᱛᱠᱚᱢ ᱫᱟᱨᱮ ᱠᱟᱱᱟ
सूरज पूरब से निकलता है	ᱥᱤᱧ ᱪᱟᱸᱫᱚ ᱫᱚ ᱥᱟᱢᱟᱝ ᱠᱷᱚᱱᱮ ᱨᱟᱠᱟᱵ-ᱟ
पाँच किताब गिनकर बताओ	ᱢᱚᱬᱮ ᱯᱩᱛᱷᱤ ᱞᱮᱠᱷᱟ ᱠᱟᱛᱮ ᱞᱟᱹᱭ ᱢᱮ
सोलह	ᱜᱮᱞ ᱛᱩᱨᱩᱭ
दोपहर का समय	ᱛᱤᱠᱤᱱ ᱚᱠᱛᱚ
हमने गणित का खेल पूरा कर लिया	ᱟᱵᱚ ᱞᱮᱠᱷᱟ ᱮᱱᱮᱡᱵᱚ ᱯᱩᱨᱟᱹᱣ ᱠᱮᱫᱟ
पुराना	ᱢᱟᱨᱮ
देखो	ᱧᱮᱞ ᱢᱮ
यह कितने रुपये हैं?	ᱱᱚᱣᱟ ᱫᱚ ᱛᱤᱱᱟᱹᱜ ᱴᱟᱠᱟ ᱠᱟᱱᱟ?
कल हम सब फिर मिलेंगे	ᱜᱟᱯᱟ ᱟᱵᱚ ᱥᱟᱱᱟᱢ ᱠᱚᱵᱚ ᱧᱟᱯᱟᱢᱟ
दो में से एक निकाल लो	ᱵᱟᱨᱭᱟ ᱠᱷᱚᱱ ᱢᱤᱫᱴᱟᱝ ᱚᱰᱚᱠ ᱢᱮ
चींटी	ᱢᱩᱡᱽ
पीला केला	ᱥᱟᱥᱟᱝ ᱠᱟᱭᱨᱟ
बड़ा	ᱢᱟᱨᱟᱝ
चार सेब	ᱯᱩᱱ ᱥᱮᱣ
उँगली	ᱠᱟᱹᱴᱩᱵ
मुर्गा	ᱥᱟᱺᱰᱤ ᱥᱤᱢ
अपने सहपाठी के साथ मिलकर पढ़ो	ᱟᱢᱨᱮᱱ ᱯᱟᱹᱴᱷᱩᱣᱟᱹ ᱜᱟᱛᱮ ᱥᱟᱶ ᱢᱮᱥᱟ ᱠᱟᱛᱮ ᱯᱟᱲᱦᱟᱣ ᱢᱮ
जीभ से स्वाद का पता चलता है	ᱟᱞᱟᱝ ᱛᱮ ᱥᱤᱵᱤᱞ ᱵᱟᱰᱟᱭᱚᱜ-ᱟ
मोर	ᱢᱟᱨᱟᱜ
मधुमक्खी	ᱧᱮᱞᱮ
मुझे पाँच पेंसिल दो	ᱤᱧ ᱢᱚᱬᱮ ᱯᱮᱱᱥᱤᱞ ᱮᱢᱟᱹᱧ ᱢᱮ
लड़के गेंद से खेल रहे हैं	ᱠᱚᱲᱟ ᱜᱤᱫᱽᱨᱟᱹ ᱠᱚ ᱵᱚᱞ ᱛᱮᱠᱚ ᱮᱱᱮᱡ ᱠᱟᱱᱟ
जाओ	ᱪᱟᱞᱟᱜ ᱢᱮ
मेज साफ़ करो	ᱴᱮᱵᱩᱞ ᱥᱟᱯᱷᱟᱭ ᱢᱮ
चार	ᱯᱩᱱ
लाल टमाटर	ᱟᱨᱟᱜ ᱵᱤᱞᱟᱹᱛᱤ
बस्ते में स्लेट रखो	ᱛᱷᱟᱹᱞᱤ ᱨᱮ ᱥᱞᱮᱴ ᱫᱚᱦᱚᱭ ᱢᱮ
बिल्ली दूध पी रही है	ᱯᱩᱥᱤ ᱛᱳᱣᱟᱭ ᱧᱩᱭᱮᱫᱟ
तीन पेंसिल गिनकर बताओ	ᱯᱮ ᱯᱮᱱᱥᱤᱞ ᱞᱮᱠᱷᱟ ᱠᱟᱛᱮ ᱞᱟᱹᱭ ᱢᱮ
कम और ज़्यादा की पहचान करो	ᱠᱚᱢ ᱟᱨ ᱵᱟᱹᱲᱛᱤ ᱪᱤᱱᱦᱟᱹᱣ ᱢᱮ
कौन सी रस्सी लंबी है और कौन सी छोटी?	ᱚᱠᱟᱴᱟᱜ ᱫᱚᱣᱨᱤ ᱡᱤᱞᱤᱧᱟ ᱟᱨ ᱚᱠᱟᱴᱟᱜ ᱠᱷᱟᱴᱚᱣᱟ?
कबूतर	ᱯᱚᱛᱟᱢ
जागो	ᱵᱮᱨᱮᱫ ᱢᱮ
कुर्सी	ᱢᱟᱹᱪᱤ
भेड़	ᱵᱷᱤᱰᱤ
चलो (कदम बढ़ाओ)	ᱛᱟᱲᱟᱢ ᱢᱮ
हरी घास	ᱦᱟᱹᱨᱤᱭᱟᱹᱲ ᱜᱷᱟᱥ
अपने सिर को छुओ	ᱟᱢᱟᱜ ᱵᱚᱦᱚᱜ ᱡᱚᱴᱮᱫ ᱢᱮ
दो हाथ गिनकर बताओ	ᱵᱟᱨ ᱛᱤ ᱞᱮᱠᱷᱟ ᱠᱟᱛᱮ ᱞᱟᱹᱭ ᱢᱮ
चार सेब गिनकर बताओ	ᱯᱩᱱ ᱥᱮᱣ ᱞᱮᱠᱷᱟ ᱠᱟᱛᱮ ᱞᱟᱹᱭ ᱢᱮ
सब बच्चे सीधे खड़े हो जाओ	ᱡᱚᱛᱚ ᱜᱤᱫᱽᱨᱟᱹ ᱥᱚᱡᱷᱮ ᱛᱤᱸᱜᱩᱱ ᱯᱮ
यह मेरा छोटा भाई है	ᱱᱩᱭ ᱫᱚ ᱤᱧᱤᱡ ᱵᱚᱠᱚᱧ ᱠᱚᱲᱟ ᱠᱟᱱᱟᱭ
बोलो	ᱨᱚᱲ ᱢᱮ
बस्ते से रबर निकालो	ᱛᱷᱟᱹᱞᱤ ᱠᱷᱚᱱ ᱨᱚᱵᱚᱨ ᱚᱰᱚᱠ ᱢᱮ
सौ	ᱥᱟᱭ
तीन पेंसिल	ᱯᱮ ᱯᱮᱱᱥᱤᱞ
सब मिलकर प्रार्थना गाओ	ᱥᱟᱱᱟᱢ ᱠᱚ ᱢᱮᱥᱟ ᱠᱟᱛᱮ ᱵᱤᱱᱛᱤ ᱥᱮᱨᱮᱧ ᱯᱮ
मुझे दो पैर दो	ᱤᱧ ᱵᱟᱨ ᱡᱟᱸᱜᱟ ᱮᱢᱟᱹᱧ ᱢᱮ
बैठो	ᱫᱩᱲᱩᱵ ᱢᱮ
स्वागत है	ᱥᱟᱹᱜᱩᱱ ᱫᱟᱨᱟᱢ
क्या तुम्हें समझ आया?	ᱟᱢ ᱫᱚᱢ ᱵᱩᱡᱷᱟᱹᱣ ᱠᱮᱫᱟ?
बैंगन	ᱵᱮᱸᱜᱟᱲ
चॉक	ᱪᱚᱠ
एक कदम पीछे हटो	ᱢᱤᱫ ᱛᱟᱲᱟᱢ ᱛᱟᱭᱚᱢ ᱛᱮ ᱦᱤᱡᱩᱜ ᱢᱮ
अपना किताब दिखाओ	ᱟᱢᱟᱜ ᱯᱩᱛᱷᱤ ᱩᱫᱩᱜ ᱢᱮ
बारह	ᱜᱮᱞ ᱵᱟᱨ
डॉक्टर बीमार लोगों का इलाज करते हैं	ᱰᱟᱠᱛᱚᱨ ᱫᱚ ᱨᱩᱣᱟᱹ ᱦᱚᱲ ᱠᱚᱭ ᱨᱟᱱ ᱠᱚᱣᱟ
मुझे पाँच किताब दो	ᱤᱧ ᱢᱚᱬᱮ ᱯᱩᱛᱷᱤ ᱮᱢᱟᱹᱧ ᱢᱮ
पेट	ᱞᱟᱡ
मुझे चार सेब दो	ᱤᱧ ᱯᱩᱱ ᱥᱮᱣ ᱮᱢᱟᱹᱧ ᱢᱮ
मोर नाच रहा है	ᱢᱟᱨᱟᱜ ᱮᱱᱮᱡ ᱠᱟᱱᱟᱭ
खट्टा	ᱡᱚᱡᱚ
हाथ ऊपर उठाओ	ᱟᱢᱟᱜ ᱛᱤ ᱪᱮᱛᱟᱱ ᱛᱩᱞ ᱢᱮ
चाचा बाज़ार से नई किताबें लाए हैं	ᱠᱟᱠᱟ ᱫᱚ ᱵᱟᱡᱟᱨ ᱠᱷᱚᱱ ᱱᱟᱣᱟ ᱯᱩᱛᱷᱤ ᱠᱚᱭ ᱟᱹᱜᱩ ᱟᱠᱟᱫᱟ
धान पकने पर पीला हो जाता है	ᱦᱳᱲᱳ ᱵᱤᱞᱤ ᱞᱮᱱᱠᱷᱟᱱ ᱥᱟᱥᱟᱝ ᱜᱮ ᱧᱮᱞᱚᱜ-ᱟ
हाथों से ताली बजाओ	ᱛᱤ ᱛᱮ ᱛᱷᱟᱹᱭᱟᱹᱲ ᱢᱮ
खोलो	ᱡᱷᱤᱡᱽ ᱢᱮ
छह से दस तक गिनो	ᱛᱩᱨᱩᱭ ᱠᱷᱚᱱ ᱜᱮᱞ ᱫᱷᱟᱹᱵᱤᱡ ᱞᱮᱠᱷᱟᱭ ᱢᱮ
पहाड़ बहुत ऊँचा है	ᱵᱩᱨᱩ ᱫᱚ ᱟᱹᱰᱤ ᱩᱥᱩᱞ ᱜᱮᱭᱟ
कक्षा का मॉनिटर कौन है?	ᱪᱟᱱᱟᱪ ᱨᱤᱱᱤᱡ ᱢᱩᱠᱷᱤᱭᱟᱹ ᱫᱚ ᱚᱠᱚᱭ ᱠᱟᱱᱟᱭ?
फूल पर तितली बैठी है	ᱵᱟᱦᱟ ᱨᱮ ᱯᱤᱯᱤᱲᱤᱭᱟᱹᱝ ᱫᱩᱲᱩᱵ ᱟᱠᱟᱱᱟ
हम सब मिलकर एक समान हैं	ᱟᱵᱚ ᱥᱟᱱᱟᱢ ᱠᱚ ᱥᱚᱢᱟᱱ ᱜᱮᱭᱟᱵᱚ
हम सब मिलकर अपने बड़ों का आदर करेंगे	ᱟᱵᱚ ᱥᱟᱱᱟᱢ ᱠᱚ ᱢᱮᱥᱟ ᱠᱟᱛᱮ ᱢᱟᱨᱟᱝ ᱦᱚᱲ ᱠᱚᱵᱚ ᱢᱟᱱᱟᱣ ᱠᱚᱣᱟ
सवाल को ध्यान से सुनो	ᱠᱩᱠᱞᱤ ᱫᱷᱮᱭᱟᱱ ᱛᱮ ᱟᱧᱡᱚᱢ ᱢᱮ
गलती होने पर क्षमा माँगो	ᱵᱷᱩᱞ ᱞᱮᱠᱷᱟᱱ ᱤᱠᱟᱹ ᱠᱷᱚᱡᱽ ᱢᱮ
यह कौन सा रंग है?	ᱱᱚᱣᱟ ᱫᱚ ᱚᱠᱟ ᱨᱚᱝ ᱠᱟᱱᱟ?
गाय	ᱜᱟᱹᱭ
मीठा पीला आम खाओ	ᱦᱮᱲᱮᱢ ᱥᱟᱥᱟᱝ ᱩᱞ ᱡᱚᱢ ᱢᱮ
पेड़ पर पीला आम है	ᱫᱟᱨᱮ ᱨᱮ ᱥᱟᱥᱟᱝ ᱩᱞ ᱢᱮᱱᱟᱜ-ᱟ
कोहड़ा (पीला कद्दू)	ᱠᱟᱠᱷᱟᱨᱩ
बहुत अच्छा प्रयास किया	ᱟᱹᱰᱤ ᱢᱚᱡᱽ ᱠᱩᱨᱩᱢᱩᱴᱩ
यह बड़ा पत्थर है और वह छोटा कंकड़ है	ᱱᱚᱣᱟ ᱫᱚ ᱢᱟᱨᱟᱝ ᱫᱷᱤᱨᱤ ᱠᱟᱱᱟ ᱟᱨ ᱦᱟᱱᱟ ᱫᱚ ᱦᱩᱰᱤᱧ ᱜᱤᱴᱤᱞ ᱠᱟᱱᱟ
दस और पाँच मिलकर पंद्रह होते हैं	ᱜᱮᱞ ᱟᱨ ᱢᱚᱬᱮ ᱢᱮᱥᱟ ᱠᱟᱛᱮ ᱜᱮᱞ ᱢᱚᱬᱮ ᱦᱩᱭᱩᱜ-ᱟ
पीठ	ᱫᱮᱭᱟ
पाँच किताब	ᱢᱚᱬᱮ ᱯᱩᱛᱷᱤ
पिताजी खेत में काम करते हैं	ᱵᱟᱵᱟ ᱫᱚ ᱠᱷᱮᱛ ᱨᱮᱭ ᱠᱟᱹᱢᱤᱭᱟ
कुर्सी यहाँ लाओ	ᱢᱟᱹᱪᱤ ᱱᱚᱸᱰᱮ ᱟᱹᱜᱩᱭ ᱢᱮ
कान	ᱞᱩᱛᱩᱨ
दो	ᱵᱟᱨ
कुत्ता दरवाज़े पर बैठा है	ᱥᱮᱛᱟ ᱫᱩᱣᱟᱹᱨ ᱨᱮ ᱫᱩᱲᱩᱵ ᱟᱠᱟᱱᱟᱭ
शुभ संध्या	ᱥᱟᱹᱜᱩᱱ ᱛᱟᱹᱨᱟᱹᱥᱤᱧ
दो सेब	ᱵᱟᱨ ᱥᱮᱣ
आम का फल मीठा होता है	ᱩᱞ ᱡᱚ ᱫᱚ ᱦᱮᱲᱮᱢ ᱜᱮᱭᱟ
संख्या पचास	ᱵᱟᱨ ᱤᱥᱤ ᱜᱮᱞ
किसके पास पेंसिल नहीं है?	ᱚᱠᱚᱭ ᱴᱷᱮᱱ ᱯᱮᱱᱥᱤᱞ ᱵᱟᱹᱱᱩᱜ-ᱟ?
आज देर से आने का क्या कारण था?	ᱛᱮᱦᱮᱧ ᱵᱤᱞᱚᱢ ᱛᱮ ᱦᱤᱡᱩᱜ ᱨᱮᱱᱟᱜ ᱪᱮᱫ ᱠᱟᱨᱚᱱ ᱛᱟᱦᱮᱸ ᱠᱟᱱᱟ?
संख्या नौ	ᱟᱨᱮ
सफेद चॉक से लिखो	ᱯᱩᱸᱰ ᱪᱚᱠ ᱛᱮ ᱚᱞ ᱢᱮ
छोटा	ᱦᱩᱰᱤᱧ
हमेशा सच बोलो	ᱡᱟᱣᱜᱮ ᱥᱟᱹᱨᱤ ᱠᱟᱛᱷᱟ ᱨᱚᱲ ᱢᱮ
एक पेंसिल गिनकर बताओ	ᱢᱤᱫ ᱯᱮᱱᱥᱤᱞ ᱞᱮᱠᱷᱟ ᱠᱟᱛᱮ ᱞᱟᱹᱭ ᱢᱮ
यहाँ दो पेंसिल हैं	ᱱᱚᱸᱰᱮ ᱵᱟᱨ ᱯᱮᱱᱥᱤᱞ ᱢᱮᱱᱟᱜ-ᱟ
गोल	ᱜᱩᱞᱟᱹᱭ
यहाँ दो आँख हैं	ᱱᱚᱸᱰᱮ ᱵᱟᱨ ᱢᱮᱫ ᱢᱮᱱᱟᱜ-ᱟ
उत्तर देने से पहले हाथ उठाओ	ᱛᱮᱞᱟ ᱮᱢ ᱢᱟᱬᱟᱝ ᱨᱮ ᱛᱤ ᱛᱩᱞ ᱢᱮ
खरगोश	ᱠᱩᱞᱟᱹᱭ
रोटी (पीठा)	ᱯᱤᱴᱷᱟᱹ
चौदह	ᱜᱮᱞ ᱯᱩᱱ
हमेशा नई बातें सीखते रहो	ᱡᱟᱣᱜᱮ ᱱᱟᱣᱟ ᱠᱟᱛᱷᱟ ᱪᱮᱫᱚᱜ ᱛᱮᱜᱮ ᱛᱟᱦᱮᱸᱱ ᱢᱮ
सफेद दूध	ᱯᱩᱸᱰ ᱛᱳᱣᱟ
किस टोकरी में ज़्यादा आम हैं?	ᱚᱠᱟ ᱴᱩᱠᱨᱤ ᱨᱮ ᱵᱟᱹᱲᱛᱤ ᱩᱞ ᱢᱮᱱᱟᱜ-ᱟ?
एक सेब गिनकर बताओ	ᱢᱤᱫ ᱥᱮᱣ ᱞᱮᱠᱷᱟ ᱠᱟᱛᱮ ᱞᱟᱹᱭ ᱢᱮ
इस पैटर्न को आगे बढ़ाओ	ᱱᱚᱣᱟ ᱛᱷᱟᱨ-ᱛᱚᱦᱚᱨ ᱞᱟᱦᱟ ᱛᱮ ᱤᱫᱤ ᱢᱮ
यहाँ आओ और इसे देखो	ᱱᱚᱸᱰᱮ ᱦᱤᱡᱩᱜ ᱢᱮ ᱟᱨ ᱱᱚᱣᱟ ᱧᱮᱞ ᱢᱮ
लहसुन	ᱨᱟᱹᱥᱩᱬ
यहाँ पाँच पेंसिल हैं	ᱱᱚᱸᱰᱮ ᱢᱚᱬᱮ ᱯᱮᱱᱥᱤᱞ ᱢᱮᱱᱟᱜ-ᱟ
मुझे पेंसिल दो	ᱤᱧ ᱯᱮᱱᱥᱤᱞ ᱮᱢᱟᱹᱧ ᱢᱮ
पीला केला मीठा है	ᱥᱟᱥᱟᱝ ᱠᱟᱭᱨᱟ ᱫᱚ ᱦᱮᱲᱮᱢ ᱜᱮᱭᱟ
सफेद	ᱯᱩᱸᱰ
आगे आकर सबको पढ़कर सुनाओ	ᱥᱟᱢᱟᱝ ᱛᱮ ᱦᱮᱡ ᱠᱟᱛᱮ ᱥᱟᱱᱟᱢ ᱠᱚ ᱯᱟᱲᱦᱟᱣ ᱟᱧᱡᱚᱢ ᱟᱠᱚ ᱢᱮ
हरा	ᱦᱟᱹᱨᱤᱭᱟᱹᱲ
दाल	ᱫᱟᱹᱞ
गर्दन	ᱦᱚᱴᱚᱜ
अस्सी	ᱯᱩᱱ ᱤᱥᱤ
उन्नीस	ᱜᱮᱞ ᱟᱨᱮ
तीन किताब	ᱯᱮ ᱯᱩᱛᱷᱤ
चलो हम सब मिलकर बीस तक उल्टी गिनती करें	ᱫᱮᱞᱟᱵᱚ ᱥᱟᱱᱟᱢ ᱠᱚ ᱢᱮᱥᱟ ᱠᱟᱛᱮ ᱤᱥᱤ ᱠᱷᱚᱱ ᱩᱞᱴᱟᱹᱣ ᱞᱮᱠᱷᱟᱭ ᱵᱚ
बिल्ली दूध पीती है	ᱯᱩᱥᱤ ᱫᱚ ᱛᱚᱣᱟᱭ ᱧᱩᱭᱟ
मेरी माँ मुझे प्यार करती है	ᱤᱧ ᱟᱭᱳ ᱫᱚ ᱤᱧᱮ ᱫᱩᱞᱟᱹᱲᱟᱹᱧᱟ
केंदु (तेंदू)	ᱛᱤᱨᱤᱞ
चलो, हम सब मिलकर गोल घेरा बनाएँ	ᱫᱮᱞᱟᱵᱚ ᱥᱟᱱᱟᱢ ᱠᱚ ᱢᱮᱥᱟ ᱠᱟᱛᱮ ᱜᱩᱞᱟᱹᱭ ᱵᱮᱱᱟᱣᱟᱵᱚ
क्या आपके पास स्लेट है?	ᱪᱮᱫ ᱟᱢ ᱴᱷᱮᱱ ᱥᱞᱮᱴ ᱢᱮᱱᱟᱜ-ᱟ?
एक सेब	ᱢᱤᱫ ᱥᱮᱣ
ताज़ा हरा अमरूद खाओ	ᱵᱤᱞᱤ ᱦᱟᱹᱨᱤᱭᱟᱹᱲ ᱟᱢᱨᱩᱫᱽ ᱡᱚᱢ ᱢᱮ
बिल्ली	ᱯᱩᱥᱤ
कल मंगलवार है	ᱜᱟᱯᱟ ᱫᱚ ᱵᱟᱞᱮ ᱢᱟᱦᱟᱸ ᱠᱟᱱᱟ
संख्या आठ	ᱤᱨᱟᱹᱞ
कटहल	ᱠᱟᱱᱴᱷᱟᱲ
बस्ते से स्लेट निकालो	ᱛᱷᱟᱹᱞᱤ ᱠᱷᱚᱱ ᱥᱞᱮᱴ ᱚᱰᱚᱠ ᱢᱮ
मुझे तीन किताब दो	ᱤᱧ ᱯᱮ ᱯᱩᱛᱷᱤ ᱮᱢᱟᱹᱧ ᱢᱮ
एक	ᱢᱤᱫ
बकरी	ᱢᱮᱨᱚᱢ
हम सब मिलकर अपने समाज को आगे बढ़ाएँगे	ᱟᱵᱚ ᱥᱟᱱᱟᱢ ᱠᱚ ᱢᱮᱥᱟ ᱠᱟᱛᱮ ᱟᱵᱚᱣᱟᱜ ᱥᱟᱶᱛᱟᱵᱚ ᱞᱟᱦᱟᱭᱟ
हँसो	ᱞᱟᱸᱫᱟᱭ ᱢᱮ
मशरूम (कुकुड़मुत्ता)	ᱚᱛ
तेरह	ᱜᱮᱞ ᱯᱮ
गुड़	ᱜᱩᱲ
कछुआ	ᱦᱚᱨᱚ
दाँत	ᱫᱟᱛᱟ
खड़े हो जाओ	ᱛᱤᱸᱜᱩᱱ ᱢᱮ
बत्तख	ᱜᱷᱮᱸᱣᱮ
चिड़िया आकाश में उड़ रही है	ᱪᱮᱬᱮ ᱥᱮᱨᱢᱟ ᱨᱮ ᱩᱰᱟᱹᱣᱜ ᱠᱟᱱᱟᱭ
अपनी-अपनी जगह पर वापस जाओ	ᱟᱯᱱᱟᱨ-ᱟᱯᱱᱟᱨ ᱡᱟᱜᱟ ᱛᱮ ᱨᱩᱣᱟᱹᱲ ᱯᱮ
रात में चाँद चमकता है	ᱧᱤᱫᱟᱹ ᱨᱮ ᱧᱤᱫᱟᱹ ᱪᱟᱸᱫᱚᱭ ᱡᱩᱞᱩᱜ-ᱟ
इनमें से कौन अधिक लंबा है?	ᱱᱩᱠᱤᱱ ᱢᱩᱫᱽ ᱨᱮ ᱚᱠᱚᱭ ᱡᱤᱞᱤᱧ ᱜᱮᱭᱟᱭ?
चार किताब	ᱯᱩᱱ ᱯᱩᱛᱷᱤ
दो कान	ᱵᱟᱨ ᱞᱩᱛᱩᱨ
दो आँख गिनकर बताओ	ᱵᱟᱨ ᱢᱮᱫ ᱞᱮᱠᱷᱟ ᱠᱟᱛᱮ ᱞᱟᱹᱭ ᱢᱮ
पीला आम	ᱥᱟᱥᱟᱝ ᱩᱞ
लाल अनार लाओ	ᱟᱨᱟᱜ ᱟᱱᱟᱨ ᱟᱹᱜᱩᱭ ᱢᱮ
पाँच में तीन जोड़ने पर आठ बनता है	ᱢᱚᱬᱮ ᱨᱮ ᱯᱮ ᱡᱩᱲᱟᱹᱣ ᱞᱮᱠᱷᱟᱱ ᱤᱨᱟᱹᱞ ᱦᱩᱭᱩᱜ-ᱟ
शहद	ᱧᱮᱞᱮ ᱨᱟᱥᱟ
बोलने में संकोच मत करो	ᱨᱚᱲ ᱞᱟᱹᱜᱤᱫ ᱟᱞᱚᱢ ᱞᱟᱡᱟᱣᱜ-ᱟ
अपना पेंसिल दिखाओ	ᱟᱢᱟᱜ ᱯᱮᱱᱥᱤᱞ ᱩᱫᱩᱜ ᱢᱮ
चावल (कच्चा)	ᱪᱟᱣᱞᱮ
सात	ᱮᱭᱟᱭ
खाँसते समय मुँह पर हाथ रखो	ᱠᱷᱚᱜ ᱡᱚᱠᱷᱟᱜ ᱢᱚᱪᱟ ᱨᱮ ᱛᱤ ᱫᱚᱦᱚᱭ ᱢᱮ
भारी वस्तु को उठाओ और हल्की को पहचानो	ᱦᱟᱢᱟᱞ ᱡᱤᱱᱤᱥ ᱛᱩᱞ ᱢᱮ ᱟᱨ ᱨᱟᱣᱟᱞᱟᱜ ᱪᱤᱱᱦᱟᱹᱣ ᱢᱮ
साठ	ᱯᱮ ᱤᱥᱤ
सुनो	ᱟᱧᱡᱚᱢ ᱢᱮ
व्यायाम करने से शरीर मज़बूत बनता है	ᱠᱟᱹᱥᱨᱟᱹᱛ ᱞᱮᱠᱷᱟᱱ ᱦᱚᱲᱢᱚ ᱠᱮᱴᱮᱡᱚᱜ-ᱟ
मुझे रबर दो	ᱤᱧ ᱨᱚᱵᱚᱨ ᱮᱢᱟᱹᱧ ᱢᱮ
मुझे चॉक दो	ᱤᱧ ᱪᱚᱠ ᱮᱢᱟᱹᱧ ᱢᱮ
कॉपी	ᱠᱷᱟᱛᱟ
मुझे दो कान दो	ᱤᱧ ᱵᱟᱨ ᱞᱩᱛᱩᱨ ᱮᱢᱟᱹᱧ ᱢᱮ
पेड़ हमें फल देते हैं	ᱫᱟᱨᱮ ᱫᱚ ᱡᱚ ᱮᱢᱟᱵᱚᱱᱟ
यहाँ तीन किताब हैं	ᱱᱚᱸᱰᱮ ᱯᱮ ᱯᱩᱛᱷᱤ ᱢᱮᱱᱟᱜ-ᱟ
बस्ते में किताब रखो	ᱛᱷᱟᱹᱞᱤ ᱨᱮ ᱯᱩᱛᱷᱤ ᱫᱚᱦᱚᱭ ᱢᱮ
अपना स्लेट दिखाओ	ᱟᱢᱟᱜ ᱥᱞᱮᱴ ᱩᱫᱩᱜ ᱢᱮ
बकरी पत्ता खा रही है	ᱢᱮᱨᱚᱢ ᱥᱟᱠᱟᱢᱮ ᱡᱚᱢᱮᱫᱟ
अपनी किताब खोलो	ᱟᱢᱟᱜ ᱯᱩᱛᱷᱤ ᱡᱷᱤᱡᱽ ᱢᱮ
दो पैर	ᱵᱟᱨ ᱡᱟᱸᱜᱟ
मक्खी	ᱨᱳ
किसान हमारे लिए अनाज उगाता है	ᱪᱟᱥᱤ ᱦᱚᱲ ᱫᱚ ᱟᱵᱚ ᱞᱟᱹᱜᱤᱫ ᱡᱚᱢᱟᱜ-ᱮ ᱪᱟᱥᱟ
बस्ते से किताब निकालो	ᱛᱷᱟᱹᱞᱤ ᱠᱷᱚᱱ ᱯᱩᱛᱷᱤ ᱚᱰᱚᱠ ᱢᱮ
नाक से हम साँस लेते हैं	ᱢᱩᱸ ᱛᱮ ᱟᱵᱚᱵᱚ ᱥᱟᱦᱮᱫᱟ
दस उँगली	ᱜᱮᱞ ᱠᱟᱹᱴᱩᱵ
बारिश हो रही है	ᱫᱟᱜ ᱡᱟᱹᱲᱤ ᱧᱩᱨᱩᱜ ᱠᱟᱱᱟ
लंबा	ᱡᱤᱞᱤᱧ
आप यह काम ज़रूर कर सकते हैं	ᱟᱢ ᱱᱚᱣᱟ ᱠᱟᱹᱢᱤ ᱱᱤᱦᱟᱹᱛᱤᱢ ᱫᱟᱲᱮᱭᱟᱜ-ᱟ
यहाँ दो सेब हैं	ᱱᱚᱸᱰᱮ ᱵᱟᱨ ᱥᱮᱣ ᱢᱮᱱᱟᱜ-ᱟ
मुझे दो हाथ दो	ᱤᱧ ᱵᱟᱨ ᱛᱤ ᱮᱢᱟᱹᱧ ᱢᱮ
काली स्लेट पर चॉक से लिखो	ᱦᱮᱸᱫᱮ ᱥᱞᱮᱴ ᱨᱮ ᱪᱚᱠ ᱛᱮ ᱚᱞ ᱢᱮ
चालीस	ᱵᱟᱨ ᱤᱥᱤ
मुझे दो किताब दो	ᱤᱧ ᱵᱟᱨ ᱯᱩᱛᱷᱤ ᱮᱢᱟᱹᱧ ᱢᱮ
ग्यारह	ᱜᱮᱞ ᱢᱤᱫ
कलम	ᱠᱚᱞᱚᱢ
काला कौआ	ᱦᱮᱸᱫᱮ ᱠᱟᱶᱦᱮ
तीस	ᱤᱥᱤ ᱜᱮᱞ
यहाँ एक सेब हैं	ᱱᱚᱸᱰᱮ ᱢᱤᱫ ᱥᱮᱣ ᱢᱮᱱᱟᱜ-ᱟ
कक्षा में दौड़ो मत, आराम से चलो	ᱪᱟᱱᱟᱪ ᱨᱮ ᱟᱞᱚᱯᱮ ᱫᱟᱹᱲᱟ, ᱵᱷᱟᱹᱜᱤ ᱛᱮ ᱛᱟᱲᱟᱢ ᱯᱮ
बगीचे के माली पौधे सींच रहे हैं	ᱵᱟᱜᱟᱱ ᱨᱤᱱᱤᱡ ᱢᱟᱹᱞᱤ ᱫᱚ ᱫᱟᱨᱮ ᱨᱮ ᱫᱟᱜ-ᱮ ᱫᱩᱞᱮᱫᱟ
नौ	ᱟᱨᱮ
भैंस	ᱠᱟᱰᱟ
स्वस्थ शरीर में ही स्वस्थ मन रहता है	ᱱᱤᱨᱚᱜ ᱦᱚᱲᱢᱚ ᱨᱮᱜᱮ ᱱᱟᱯᱟᱭ ᱢᱚᱱᱮ ᱛᱟᱦᱮᱸᱱᱟ
नमक	ᱵᱩᱞᱩᱝ
कौआ पेड़ की डाल पर बैठा है	ᱠᱟᱣᱟ ᱫᱚ ᱫᱟᱨᱮ ᱰᱟᱹᱨ ᱨᱮᱭ ᱫᱩᱲᱩᱵ ᱟᱠᱟᱱᱟ
अपने बाल में कंघी करो	ᱟᱢᱟᱜ ᱩᱵ ᱱᱟᱹᱠᱤᱡ ᱢᱮ
विद्यालय (स्कूल)	ᱟᱥᱲᱟ
पाँच पेंसिल गिनकर बताओ	ᱢᱚᱬᱮ ᱯᱮᱱᱥᱤᱞ ᱞᱮᱠᱷᱟ ᱠᱟᱛᱮ ᱞᱟᱹᱭ ᱢᱮ
गंदे हाथों से आँखों को मत मलो	ᱵᱟᱹᱲᱤᱡ ᱛᱤ ᱛᱮ ᱢᱮᱫ ᱟᱞᱚᱢ ᱜᱟᱹᱥᱤᱭᱟ
बैल	ᱰᱟᱝᱜᱽᱨᱟ
चूहा	ᱜᱩᱛᱩ
अपने विद्यालय से प्रेम करो	ᱟᱯᱱᱟᱨ ᱟᱥᱲᱟ ᱫᱩᱞᱟᱹᱲ ᱢᱮ
घंटी बज गई	ᱜᱷᱟᱹᱱᱴᱤ ᱥᱟᱰᱮ ᱮᱱᱟ
पेंसिल और कॉपी निकालो	ᱯᱮᱱᱥᱤᱞ ᱟᱨ ᱠᱷᱟᱛᱟ ᱚᱰᱚᱠ ᱢᱮ
दो आँख	ᱵᱟᱨ ᱢᱮᱫ
अपनी स्लेट दिखाओ	ᱟᱢᱟᱜ ᱥᱞᱮᱴ ᱩᱫᱩᱜ ᱢᱮ
पेड़ का पत्ता हरा है	ᱫᱟᱨᱮ ᱨᱮᱭᱟᱜ ᱥᱟᱠᱟᱢ ᱫᱚ ᱦᱟᱹᱨᱤᱭᱟᱹᱲ ᱜᱮᱭᱟ
पाँच सेब	ᱢᱚᱬᱮ ᱥᱮᱣ
मुझे किताब दो	ᱤᱧ ᱯᱩᱛᱷᱤ ᱮᱢᱟᱹᱧ ᱢᱮ
लाल सेब	ᱟᱨᱟᱜ ᱥᱮᱣ
यह चौकोर आकृति बनाओ	ᱱᱚᱣᱟ ᱯᱩᱱᱠᱚᱬ ᱪᱤᱛᱟᱹᱨ ᱵᱮᱱᱟᱣ ᱢᱮ
आपने बहुत सुंदर चित्र बनाया है	ᱟᱢ ᱟᱹᱰᱤ ᱱᱟᱯᱟᱭ ᱪᱤᱛᱟᱹᱨᱮᱢ ᱵᱮᱱᱟᱣ ᱟᱠᱟᱫᱟ
दे दो	ᱮᱢ ᱢᱮ
साफ़ कपड़े पहनकर स्कूल आओ	ᱥᱟᱯᱷᱟ ᱞᱩᱜᱽᱲᱤ ᱦᱚᱨᱚᱜ ᱠᱟᱛᱮ ᱟᱥᱲᱟ ᱦᱤᱡᱩᱜ ᱢᱮ
अपना रबर दिखाओ	ᱟᱢᱟᱜ ᱨᱚᱵᱚᱨ ᱩᱫᱩᱜ ᱢᱮ
आज बहुत तेज़ बारिश हो रही है	ᱛᱮᱦᱮᱧ ᱟᱹᱰᱤ ᱡᱩᱨ ᱫᱟᱜ ᱡᱟᱹᱲᱤ ᱮᱫᱟᱭ
जामुन	ᱠᱩᱫᱽ
बछड़ा	ᱫᱟᱢᱲᱟ
सत्तर	ᱯᱮ ᱤᱥᱤ ᱜᱮᱞ
गाय हरी घास खा रही है	ᱜᱟᱹᱭ ᱦᱟᱹᱨᱤᱭᱟᱹᱲ ᱜᱷᱟᱥᱮ ᱡᱚᱢᱮᱫᱟ
मुझे पाँच सेब दो	ᱤᱧ ᱢᱚᱬᱮ ᱥᱮᱣ ᱮᱢᱟᱹᱧ ᱢᱮ
सबके साथ मिलकर रहो	ᱥᱟᱱᱟᱢ ᱠᱚ ᱥᱟᱶ ᱱᱟᱯᱟᱭ ᱛᱮ ᱛᱟᱦᱮᱸᱱ ᱯᱮ
कान से हम सुनते हैं	ᱞᱩᱛᱩᱨ ᱛᱮ ᱟᱵᱚᱵᱚ ᱟᱧᱡᱚᱢᱟ
नया	ᱱᱟᱣᱟ
बस्ते में चॉक रखो	ᱛᱷᱟᱹᱞᱤ ᱨᱮ ᱪᱚᱠ ᱫᱚᱦᱚᱭ ᱢᱮ
मुझे चार किताब दो	ᱤᱧ ᱯᱩᱱ ᱯᱩᱛᱷᱤ ᱮᱢᱟᱹᱧ ᱢᱮ
लिखो	ᱚᱞ ᱢᱮ
क्या आपके पास रबर है?	ᱪᱮᱫ ᱟᱢ ᱴᱷᱮᱱ ᱨᱚᱵᱚᱨ ᱢᱮᱱᱟᱜ-ᱟ?
गाँव के मुखिया का नाम क्या है?	ᱟᱹᱛᱩ ᱨᱤᱱᱤᱡ ᱢᱟᱹᱧᱡᱷᱤ ᱦᱟᱲᱟᱢᱟᱜ ᱧᱩᱛᱩᱢ ᱫᱚ ᱪᱮᱫ?
सूरज पूरब से निकलता है	ᱵᱮᱲᱟ ᱫᱚ ᱥᱟᱢᱟᱝ ᱠᱷᱚᱱ ᱨᱟᱠᱟᱵ-ᱟ
तेल	ᱥᱩᱱᱩᱢ
तालाब में मछलियाँ तैर रही हैं	ᱯᱩᱠᱷᱨᱤ ᱨᱮ ᱦᱟᱹᱠᱩ ᱠᱚ ᱯᱟᱹᱭᱨᱟᱹᱜ ᱠᱟᱱᱟ
बैल खेत जोतता है	ᱰᱟᱝᱜᱽᱨᱟ ᱫᱚ ᱠᱷᱮᱛ-ᱮ ᱥᱤᱭᱟ
बाघ	ᱛᱟᱹᱨᱩᱵ
यहाँ चार किताब हैं	ᱱᱚᱸᱰᱮ ᱯᱩᱱ ᱯᱩᱛᱷᱤ ᱢᱮᱱᱟᱜ-ᱟ
आलू	ᱟᱹᱞᱩ
चलो, हम सब मिलकर प्रार्थना गाएँ	ᱫᱮᱞᱟᱵᱚ ᱥᱟᱱᱟᱢ ᱠᱚ ᱢᱮᱥᱟ ᱠᱟᱛᱮ ᱵᱤᱱᱛᱤ ᱥᱮᱨᱮᱧᱟᱵᱚ
दो किताब गिनकर बताओ	ᱵᱟᱨ ᱯᱩᱛᱷᱤ ᱞᱮᱠᱷᱟ ᱠᱟᱛᱮ ᱞᱟᱹᱭ ᱢᱮ
क्या आपके पास चॉक है?	ᱪᱮᱫ ᱟᱢ ᱴᱷᱮᱱ ᱪᱚᱠ ᱢᱮᱱᱟᱜ-ᱟ?
खेलने के बाद हाथ-मुँह धोना चाहिए	ᱮᱱᱮᱡ ᱛᱟᱭᱚᱢ ᱛᱤ-ᱢᱚᱪᱟ ᱟᱹᱨᱩᱵ ᱞᱟᱹᱠᱛᱤ ᱠᱟᱱᱟ
सब शांत रहो और ध्यान से सुनो	ᱥᱟᱱᱟᱢ ᱠᱚ ᱛᱷᱤᱨᱩᱜ ᱯᱮ ᱟᱨ ᱫᱷᱮᱭᱟᱱ ᱛᱮ ᱟᱧᱡᱚᱢ ᱯᱮ
कक्षा में हमेशा सीधे बैठकर पढ़ो	ᱪᱟᱱᱟᱪ ᱨᱮ ᱡᱟᱣᱜᱮ ᱥᱚᱡᱷᱮ ᱫᱩᱲᱩᱵ ᱠᱟᱛᱮ ᱯᱟᱲᱦᱟᱣ ᱢᱮ
धन्यवाद	ᱥᱟᱨᱦᱟᱣ
क्या आपके पास किताब है?	ᱪᱮᱫ ᱟᱢ ᱴᱷᱮᱱ ᱯᱩᱛᱷᱤ ᱢᱮᱱᱟᱜ-ᱟ?
यहाँ एक पेंसिल हैं	ᱱᱚᱸᱰᱮ ᱢᱤᱫ ᱯᱮᱱᱥᱤᱞ ᱢᱮᱱᱟᱜ-ᱟ
चार और दो मिलकर कितने होते हैं?	ᱯᱩᱱᱭᱟᱹ ᱟᱨ ᱵᱟᱨᱭᱟ ᱢᱮᱥᱟ ᱠᱟᱛᱮ ᱛᱤᱱᱟᱹᱜ ᱦᱩᱭᱩᱜ-ᱟ?
नदी में साफ़ पानी बह रहा है	ᱜᱟᱰᱟ ᱨᱮ ᱥᱟᱯᱷᱟ ᱫᱟᱜ ᱞᱤᱸᱜᱤᱱ ᱠᱟᱱᱟ
हमेशा हँसते और मुस्कुराते रहो	ᱡᱟᱣᱜᱮ ᱞᱟᱸᱫᱟᱭ ᱢᱮ ᱟᱨ ᱨᱟᱹᱥᱠᱟᱹ ᱛᱮ ᱛᱟᱦᱮᱸᱱ ᱢᱮ
घंटी	ᱜᱷᱟᱹᱱᱴᱤ
एक से पाँच तक गिनो	ᱢᱤᱫ ᱠᱷᱚᱱ ᱢᱚᱬᱮ ᱫᱷᱟᱹᱵᱤᱡ ᱞᱮᱠᱷᱟᱭ ᱢᱮ
सुअर	ᱥᱩᱠᱨᱤ
हिरण	ᱡᱷᱚᱝᱠᱟᱨ
वह मेरा सबसे अच्छा दोस्त है	ᱩᱱᱤ ᱫᱚ ᱤᱧᱤᱡ ᱡᱚᱛᱚ ᱠᱷᱚᱱ ᱵᱷᱟᱹᱜᱤ ᱜᱟᱛᱮ ᱠᱟᱱᱟᱭ
शाम का समय	ᱛᱟᱹᱨᱟᱹᱥᱤᱧ ᱚᱠᱛᱚ
धोओ	ᱟᱹᱨᱩᱵ ᱢᱮ
दो हाथ	ᱵᱟᱨ ᱛᱤ
हरा पत्ता	ᱦᱟᱹᱨᱤᱭᱟᱹᱲ ᱥᱟᱠᱟᱢ
जीभ	ᱟᱞᱟᱝ
ताज़ा पीला केला खाओ	ᱵᱤᱞᱤ ᱥᱟᱥᱟᱝ ᱠᱟᱭᱨᱟ ᱡᱚᱢ ᱢᱮ
शुभ दोपहर	ᱥᱟᱹᱜᱩᱱ ᱛᱤᱠᱤᱱ
नाटा (छोटा)	ᱠᱷᱟᱴᱚ
कुत्ता घर की रखवाली करता है	ᱥᱮᱛᱟ ᱫᱚ ᱚᱲᱟᱜ-ᱮ ᱨᱩᱠᱷᱤᱭᱟᱹᱭᱟ
करेला	ᱠᱟᱨᱞᱟ
मेरी चाची बहुत स्वादिष्ट खाना बनाती हैं	ᱤᱧ ᱠᱟᱹᱠᱤ ᱫᱚ ᱟᱹᱰᱤ ᱥᱤᱵᱤᱞ ᱡᱚᱢᱟᱜ-ᱮ ᱛᱮᱭᱟᱨᱟ
अदरक	ᱟᱫᱟ
क्या आपके पास पेंसिल है?	ᱪᱮᱫ ᱟᱢ ᱴᱷᱮᱱ ᱯᱮᱱᱥᱤᱞ ᱢᱮᱱᱟᱜ-ᱟ?
चलो हम सब मिलकर दस तक गिनती करें	ᱫᱮᱞᱟᱵᱚ ᱥᱟᱱᱟᱢ ᱠᱚ ᱢᱮᱥᱟ ᱠᱟᱛᱮ ᱜᱮᱞ ᱫᱷᱟᱹᱵᱤᱡ ᱞᱮᱠᱷᱟᱭ ᱵᱚ
मुझे एक किताब दो	ᱤᱧ ᱢᱤᱫ ᱯᱩᱛᱷᱤ ᱮᱢᱟᱹᱧ ᱢᱮ
दादाजी हमें कहानी सुनाते हैं	ᱜᱚᱲᱚᱢ ᱦᱟᱲᱟᱢ ᱫᱚ ᱠᱟᱹᱦᱱᱤᱭ ᱞᱟᱹᱭᱟᱵᱚᱱᱟ
पचास	ᱵᱟᱨ ᱤᱥᱤ ᱜᱮᱞ
मुझे एक पेंसिल दो	ᱤᱧ ᱢᱤᱫ ᱯᱮᱱᱥᱤᱞ ᱮᱢᱟᱹᱧ ᱢᱮ
नदी में बहुत पानी बह रहा है	ᱜᱟᱰᱟ ᱨᱮ ᱟᱹᱰᱤ ᱟᱭᱢᱟ ᱫᱟᱜ ᱞᱤᱸᱜᱤᱱ ᱠᱟᱱᱟ
मुझे तीन सेब दो	ᱤᱧ ᱯᱮ ᱥᱮᱣ ᱮᱢᱟᱹᱧ ᱢᱮ
सिर	ᱵᱚᱦᱚᱜ
थाली में सफेद चावल रखो	ᱛᱷᱟᱹᱨᱤ ᱨᱮ ᱯᱩᱸᱰ ᱪᱟᱣᱞᱮ ᱫᱚᱦᱚᱭ ᱢᱮ
दो पेंसिल गिनकर बताओ	ᱵᱟᱨ ᱯᱮᱱᱥᱤᱞ ᱞᱮᱠᱷᱟ ᱠᱟᱛᱮ ᱞᱟᱹᱭ ᱢᱮ
जंगल में बहुत सारे पेड़ हैं	ᱵᱤᱨ ᱨᱮ ᱟᱹᱰᱤ ᱟᱭᱢᱟ ᱫᱟᱨᱮ ᱢᱮᱱᱟᱜ-ᱟ
दौड़ो	ᱫᱟᱹᱲ ᱢᱮ
गोल घेरे को पहचानो	ᱜᱩᱞᱟᱹᱭ ᱠᱷᱚᱸᱫᱽ ᱪᱤᱱᱦᱟᱹᱣ ᱢᱮ
कौआ	ᱠᱟᱣᱟ
यह चित्र किसका है?	ᱱᱚᱣᱟ ᱪᱤᱛᱟᱹᱨ ᱫᱚ ᱚᱠᱚᱭᱟᱜ ᱠᱟᱱᱟ?
घोड़ा	ᱥᱟᱫᱚᱢ
दूध	ᱛᱚᱣᱟ
सफेद चावल	ᱯᱩᱸᱰ ᱪᱟᱣᱞᱮ
दो कदम आगे चलो	ᱵᱟᱨ ᱛᱟᱲᱟᱢ ᱞᱟᱦᱟ ᱛᱮ ᱥᱮᱱᱚᱜ ᱢᱮ
यह रेखा मोटी है	ᱱᱚᱣᱟ ᱜᱟᱟᱨ ᱫᱚ ᱢᱚᱴᱟ ᱜᱮᱭᱟ
एक सीधी कतार बनाओ	ᱢᱤᱫᱴᱟᱝ ᱥᱚᱡᱷᱮ ᱛᱷᱟᱨ ᱵᱮᱱᱟᱣ ᱯᱮ
कागज़	ᱠᱟᱜᱚᱡᱽ
तीन सेब गिनकर बताओ	ᱯᱮ ᱥᱮᱣ ᱞᱮᱠᱷᱟ ᱠᱟᱛᱮ ᱞᱟᱹᱭ ᱢᱮ
खाओ	ᱡᱚᱢ ᱢᱮ
यहाँ चार सेब हैं	ᱱᱚᱸᱰᱮ ᱯᱩᱱ ᱥᱮᱣ ᱢᱮᱱᱟᱜ-ᱟ
एक पेंसिल	ᱢᱤᱫ ᱯᱮᱱᱥᱤᱞ
मेरी बड़ी बहन स्कूल जा रही है	ᱤᱧᱤᱡ ᱢᱟᱨᱟᱝ ᱫᱟᱹᱭ ᱟᱥᱲᱟ ᱛᱮᱭ ᱪᱟᱞᱟᱜ ᱠᱟᱱᱟ
चिड़िया आकाश में उड़ती है	ᱪᱮᱬᱮ ᱫᱚ ᱥᱮᱨᱢᱟ ᱨᱮᱭ ᱩᱰᱟᱹᱣᱜ-ᱟ
चलो हम सब मिलकर गणित का खेल खेलें	ᱫᱮᱞᱟᱵᱚ ᱥᱟᱱᱟᱢ ᱠᱚ ᱢᱮᱥᱟ ᱠᱟᱛᱮ ᱞᱮᱠᱷᱟ ᱨᱮᱱᱟᱜ ᱮᱱᱮᱡ ᱮᱱᱮᱡᱟᱵᱚ
चित्र देखकर कहानी बताओ	ᱪᱤᱛᱟᱹᱨ ᱧᱮᱞ ᱠᱟᱛᱮ ᱠᱟᱹᱦᱱᱤ ᱞᱟᱹᱭ ᱢᱮ
कद्दू (लौकी)	ᱦᱚᱛᱚᱫ
खीरा	ᱛᱟᱹᱦᱩᱸ
हवा चलने से पत्ते हिल रहे हैं	ᱦᱚᱭ ᱛᱮ ᱥᱟᱠᱟᱢ ᱠᱚ ᱦᱤᱞᱟᱹᱣᱜ ᱠᱟᱱᱟ
ताज़ा लाल टमाटर खाओ	ᱵᱤᱞᱤ ᱟᱨᱟᱜ ᱵᱤᱞᱟᱹᱛᱤ ᱡᱚᱢ ᱢᱮ
यहाँ पाँच किताब हैं	ᱱᱚᱸᱰᱮ ᱢᱚᱬᱮ ᱯᱩᱛᱷᱤ ᱢᱮᱱᱟᱜ-ᱟ
पाँच	ᱢᱚᱬᱮ
पेंसिल	ᱯᱮᱱᱥᱤᱞ
बीस	ᱤᱥᱤ
स्लेट	ᱥᱞᱮᱴ
इस प्रश्न का उत्तर कौन जानता है?	ᱱᱚᱣᱟ ᱠᱩᱠᱞᱤ ᱨᱮᱱᱟᱜ ᱛᱮᱞᱟ ᱚᱠᱚᱭᱮ ᱵᱟᱰᱟᱭᱟ?
बंदर	ᱜᱟᱹᱰᱤ
यहाँ दो हाथ हैं	ᱱᱚᱸᱰᱮ ᱵᱟᱨ ᱛᱤ ᱢᱮᱱᱟᱜ-ᱟ
तुम्हारा नाम क्या है?	ᱟᱢᱟᱜ ᱧᱩᱛᱩᱢ ᱫᱚ ᱪᱮᱫ?
आग में सूखी लकड़ियाँ डालो	ᱥᱮᱸᱜᱮᱞ ᱨᱮ ᱨᱚᱦᱚᱲ ᱥᱟᱦᱟᱱ ᱠᱷᱟᱸᱡᱚᱭ ᱢᱮ
पाँच पेंसिल	ᱢᱚᱬᱮ ᱯᱮᱱᱥᱤᱞ
पेड़ की छाया में बैठो	ᱫᱟᱨᱮ ᱩᱢᱩᱞ ᱨᱮ ᱫᱩᱲᱩᱵ ᱢᱮ
पपीता	ᱟᱢᱨᱤᱛ
आँख	ᱢᱮᱫ
तीन	ᱯᱮ
हरी मिर्च	ᱢᱟᱹᱨᱤᱪ
हाथ	ᱛᱤ
लाल अनार	ᱟᱨᱟᱜ ᱟᱱᱟᱨ
मीठा लाल सेब खाओ	ᱦᱮᱲᱮᱢ ᱟᱨᱟᱜ ᱥᱮᱣ ᱡᱚᱢ ᱢᱮ
शांत रहो	ᱛᱷᱤᱨᱩᱜ ᱢᱮ
तितली	ᱯᱤᱯᱤᱲᱤᱭᱟᱹᱝ
खाना खाने से पहले हाथ धोओ	ᱡᱚᱢ ᱢᱟᱬᱟᱝ ᱨᱮ ᱛᱤ ᱟᱹᱨᱩᱵ ᱢᱮ
श्यामपट्ट की ओर देखो	ᱦᱮᱸᱫᱮ ᱯᱟᱴᱟ ᱥᱮᱫ ᱠᱚᱭᱚᱜ ᱢᱮ
इस शब्द का पहला अक्षर क्या है?	ᱱᱚᱣᱟ ᱟᱹᱲᱟᱹ ᱨᱮᱱᱟᱜ ᱯᱟᱹᱦᱤᱞ ᱟᱠᱷᱚᱨ ᱫᱚ ᱪᱮᱫ?
छह	ᱛᱩᱨᱩᱭ
अपनी चीज़ें बाँटकर खेलो	ᱟᱯᱱᱟᱨ ᱡᱤᱱᱤᱥ ᱦᱟᱹᱴᱤᱧ ᱠᱟᱛᱮ ᱮᱱᱮᱡ ᱯᱮ
यहाँ दस उँगली हैं	ᱱᱚᱸᱰᱮ ᱜᱮᱞ ᱠᱟᱹᱴᱩᱵ ᱢᱮᱱᱟᱜ-ᱟ
ताज़ा फल और हरी सब्ज़ियाँ खाओ	ᱵᱤᱞᱤ ᱡᱚ ᱟᱨ ᱦᱟᱹᱨᱤᱭᱟᱹᱲ ᱩᱛᱩ ᱡᱚᱢ ᱢᱮ
किताब बंद करो	ᱯᱩᱛᱷᱤ ᱯᱚᱴᱚᱢ ᱢᱮ
घंटी बजाओ	ᱜᱷᱟᱹᱱᱴᱤ ᱨᱩᱭ ᱢᱮ
कुर्सी पर बैठो	ᱢᱟᱹᱪᱤ ᱨᱮ ᱫᱩᱲᱩᱵ ᱢᱮ
मुश्किल समय में हिम्मत मत हारो	ᱢᱩᱦᱤᱢ ᱚᱠᱛᱚ ᱨᱮ ᱢᱚᱱᱮ ᱟᱞᱚᱢ ᱠᱷᱟᱴᱚᱭᱟ
सोओ	ᱜᱤᱛᱤᱡ ᱢᱮ
मुझे दो आँख दो	ᱤᱧ ᱵᱟᱨ ᱢᱮᱫ ᱮᱢᱟᱹᱧ ᱢᱮ
तोता	ᱢᱤᱨᱩ
पढ़ो	ᱯᱟᱲᱦᱟᱣ ᱢᱮ
तीखा	ᱦᱟᱫᱽ
कोई संदेह हो तो मुझसे पूछो	ᱡᱟᱦᱟᱸᱱᱟᱜ ᱠᱩᱠᱞᱤ ᱛᱟᱦᱮᱸᱱ ᱠᱷᱟᱱ ᱤᱧ ᱠᱩᱞᱤᱭᱤᱧ ᱢᱮ
दो किताब	ᱵᱟᱨ ᱯᱩᱛᱷᱤ
इमली	ᱡᱚᱡᱚ
काली स्लेट	ᱦᱮᱸᱫᱮ ᱥᱞᱮᱴ
यह क्या है?	ᱱᱚᱣᱟ ᱫᱚ ᱪᱮᱫ ᱠᱟᱱᱟ?
यहाँ तीन पेंसिल हैं	ᱱᱚᱸᱰᱮ ᱯᱮ ᱯᱮᱱᱥᱤᱞ ᱢᱮᱱᱟᱜ-ᱟ
भालू	ᱵᱟᱱᱟ
लड़कियाँ मैदान में खेल रही हैं	ᱠᱩᱲᱤ ᱜᱤᱫᱽᱨᱟᱹ ᱠᱚ ᱴᱟᱺᱰᱤ ᱨᱮᱠᱚ ᱮᱱᱮᱡ ᱠᱟᱱᱟ
यहाँ एक किताब हैं	ᱱᱚᱸᱰᱮ ᱢᱤᱫ ᱯᱩᱛᱷᱤ ᱢᱮᱱᱟᱜ-ᱟ
पीला	ᱥᱟᱥᱟᱝ
यह पाठ ज़ोर से पढ़ो	ᱱᱚᱣᱟ ᱯᱟᱲᱦᱟᱣ ᱟᱲᱟᱝ ᱛᱮ ᱯᱟᱲᱦᱟᱣ ᱢᱮ
नाक	ᱢᱩᱸ
पियो	ᱧᱩᱭ ᱢᱮ
यहाँ दो कान हैं	ᱱᱚᱸᱰᱮ ᱵᱟᱨ ᱞᱩᱛᱩᱨ ᱢᱮᱱᱟᱜ-ᱟ
क्या आपने अपना गृहकार्य पूरा किया?	ᱟᱢ ᱫᱚ ᱚᱲᱟᱜ ᱠᱟᱹᱢᱤᱢ ᱯᱩᱨᱟᱹᱣ ᱟᱠᱟᱫᱟ?
छाती	ᱠᱚᱲᱟᱢ
पैरों से कदम ताल करो	ᱡᱟᱸᱜᱟ ᱛᱮ ᱛᱟᱲᱟᱢ ᱢᱮ
संख्या बीस	ᱤᱥᱤ
सुबह का समय	ᱥᱮᱛᱟᱜ ᱚᱠᱛᱚ
सभी बच्चे अपनी कक्षा में बैठो	ᱥᱟᱱᱟᱢ ᱜᱤᱫᱽᱨᱟᱹ ᱟᱯᱱᱟᱨ ᱪᱟᱱᱟᱪ ᱨᱮ ᱫᱩᱲᱩᱵ ᱯᱮ
आज सोमवार है	ᱛᱮᱦᱮᱧ ᱫᱚ ᱚᱛᱮ ᱢᱟᱦᱟᱸ ᱠᱟᱱᱟ
पेड़ पर काला कौआ बैठा है	ᱫᱟᱨᱮ ᱨᱮ ᱦᱮᱸᱫᱮ ᱠᱟᱶᱦᱮ ᱫᱩᱲᱩᱵ ᱟᱠᱟᱱᱟᱭ
मीठा	ᱦᱮᱲᱮᱢ
अमरूद	ᱵᱮᱞᱟᱹᱛᱤ ᱟᱛᱷᱟ
यहाँ तीन सेब हैं	ᱱᱚᱸᱰᱮ ᱯᱮ ᱥᱮᱣ ᱢᱮᱱᱟᱜ-ᱟ
मुझे एक सेब दो	ᱤᱧ ᱢᱤᱫ ᱥᱮᱣ ᱮᱢᱟᱹᱧ ᱢᱮ
साल का पत्ता हरा होता है	ᱥᱟᱨᱡᱚᱢ ᱥᱟᱠᱟᱢ ᱦᱟᱹᱨᱤᱭᱟᱹᱲ ᱜᱮᱭᱟ
यहाँ दो पैर हैं	ᱱᱚᱸᱰᱮ ᱵᱟᱨ ᱡᱟᱸᱜᱟ ᱢᱮᱱᱟᱜ-ᱟ
दो पेंसिल	ᱵᱟᱨ ᱯᱮᱱᱥᱤᱞ
क्या आप इस वाक्य को पढ़ सकते हैं?	ᱟᱢ ᱱᱚᱣᱟ ᱟᱹᱭᱟᱹᱛ ᱯᱟᱲᱦᱟᱣ ᱫᱟᱲᱮᱭᱟᱜ-ᱟ?
मेज पर किताब रखो	ᱴᱮᱵᱩᱞ ᱨᱮ ᱯᱩᱛᱷᱤ ᱫᱚᱦᱚᱭ ᱢᱮ
समय पर सोओ और सुबह जल्दी जागो	ᱚᱠᱛᱚ ᱨᱮ ᱜᱤᱛᱤᱡ ᱢᱮ ᱟᱨ ᱥᱮᱛᱟᱜ ᱨᱮ ᱵᱮᱨᱮᱫ ᱢᱮ
बाल	ᱩᱵ
मापक छड़ी से मेज़ की लंबाई नापो	ᱡᱚᱠᱷᱟ ᱴᱷᱮᱝᱜᱟ ᱛᱮ ᱴᱮᱵᱩᱞ ᱨᱮᱱᱟᱜ ᱡᱤᱞᱤᱧ ᱡᱚᱠᱷᱟᱭ ᱢᱮ
अपने साथी की मदद करो	ᱟᱢᱨᱮᱱ ᱜᱟᱛᱮ ᱜᱚᱲᱚ ᱟᱭ ᱢᱮ
खेलो	ᱮᱱᱮᱡ ᱢᱮ
सफाईकर्मी विद्यालय को स्वच्छ रखते हैं	ᱥᱟᱯᱷᱟᱭ ᱦᱚᱲ ᱫᱚ ᱟᱥᱲᱟ ᱥᱟᱯᱷᱟᱭ ᱫᱚᱦᱚᱭᱟ
किताब	ᱯᱩᱛᱷᱤ
दस रुपये का सिक्का	ᱜᱮᱞ ᱴᱟᱠᱟ ᱨᱮᱱᱟᱜ ᱠᱩᱭᱤᱱ
तीन किताब गिनकर बताओ	ᱯᱮ ᱯᱩᱛᱷᱤ ᱞᱮᱠᱷᱟ ᱠᱟᱛᱮ ᱞᱟᱹᱭ ᱢᱮ
चौकोर	ᱯᱩᱱᱠᱚᱬ
भारी	ᱦᱟᱢᱟᱞ
सफेद चॉक	ᱯᱩᱸᱰ ᱪᱚᱠ
नमस्ते / जोहार	ᱡᱚᱦᱟᱨ
चिड़िया	ᱪᱮᱬᱮ
कचरा कूड़ेदान में डालो	ᱡᱟᱵᱽᱨᱟ ᱠᱩᱲᱟᱹᱫᱟᱱ ᱨᱮ ᱜᱤᱰᱤ ᱢᱮ
शिक्षक के पास कौन बैठा है?	ᱢᱟᱪᱮᱛ ᱥᱩᱨ ᱨᱮ ᱚᱠᱚᱭ ᱫᱩᱲᱩᱵ ᱟᱠᱟᱱᱟᱭ?
सूखे पत्तों को इकट्ठा करो	ᱨᱚᱦᱚᱲ ᱥᱟᱠᱟᱢ ᱠᱚ ᱡᱟᱣᱨᱟᱭ ᱢᱮ
हाथी	ᱦᱟᱹᱛᱤ
बेर	ᱡᱟᱹᱱᱩᱢ ᱡᱚ
बस्ते से पेंसिल निकालो	ᱛᱷᱟᱹᱞᱤ ᱠᱷᱚᱱ ᱯᱮᱱᱥᱤᱞ ᱚᱰᱚᱠ ᱢᱮ
दस के दो बंडल मिलकर बीस बनते हैं	ᱜᱮᱞ-ᱜᱮᱞ ᱨᱮᱱᱟᱜ ᱵᱟᱨᱭᱟ ᱯᱚᱴᱚᱢ ᱢᱮᱥᱟ ᱠᱟᱛᱮ ᱤᱥᱤ ᱦᱩᱭᱩᱜ-ᱟ
हरी मिर्च तीखी है	ᱦᱟᱹᱨᱤᱭᱟᱹᱲ ᱢᱟᱹᱨᱤᱪ ᱫᱚ ᱦᱟᱫᱽ ᱜᱮᱭᱟ
ज़ोर से बोलो ताकि सब सुन सकें	ᱟᱲᱟᱝ ᱛᱮ ᱨᱚᱲ ᱢᱮ ᱡᱮᱢᱚᱱ ᱥᱟᱱᱟᱢ ᱠᱚ ᱟᱧᱡᱚᱢ ᱫᱟᱲᱮᱭᱟᱜ
लाल	ᱟᱨᱟᱜ
संख्या छह	ᱛᱩᱨᱩᱭ
एक किताब गिनकर बताओ	ᱢᱤᱫ ᱯᱩᱛᱷᱤ ᱞᱮᱠᱷᱟ ᱠᱟᱛᱮ ᱞᱟᱹᱭ ᱢᱮ
संख्या सौ	ᱥᱟᱭ
चलो, हम सब मिलकर गतिविधि शुरू करें	ᱫᱮᱞᱟᱵᱚ ᱥᱟᱱᱟᱢ ᱠᱚ ᱢᱮᱥᱟ ᱠᱟᱛᱮ ᱠᱟᱹᱢᱤᱦᱚᱨᱟ ᱮᱦᱚᱵᱟᱵᱚ
वह पेड़ बहुत दूर है	ᱦᱟᱱᱟ ᱫᱟᱨᱮ ᱫᱚ ᱟᱹᱰᱤ ᱥᱟᱺᱜᱤᱧ ᱨᱮ ᱢᱮᱱᱟᱜ-ᱟ
दो पैर गिनकर बताओ	ᱵᱟᱨ ᱡᱟᱸᱜᱟ ᱞᱮᱠᱷᱟ ᱠᱟᱛᱮ ᱞᱟᱹᱭ ᱢᱮ
मिट्टी के बर्तन में पानी रखो	ᱦᱟᱥᱟ ᱴᱩᱠᱩᱡ ᱨᱮ ᱫᱟᱜ ᱫᱚᱦᱚᱭ ᱢᱮ
सदा खुश और प्रसन्न रहो	ᱡᱟᱣᱜᱮ ᱨᱟᱹᱥᱠᱟᱹ ᱟᱨ ᱥᱩᱞᱩᱠ ᱨᱮ ᱛᱟᱦᱮᱸᱱ ᱢᱮ
अपना चॉक दिखाओ	ᱟᱢᱟᱜ ᱪᱚᱠ ᱩᱫᱩᱜ ᱢᱮ
नाखूनों को साफ़ और छोटा रखो	ᱨᱟᱢᱟ ᱠᱚ ᱥᱟᱯᱷᱟ ᱟᱨ ᱠᱷᱟᱴᱚ ᱫᱚᱦᱚᱭ ᱢᱮ
शिक्षक हमें पढ़ा रहे हैं	ᱢᱟᱪᱮᱛ ᱫᱚ ᱟᱵᱚᱭ ᱯᱟᱲᱦᱟᱣᱮᱫ ᱵᱚᱱᱟ
पाँच सेब गिनकर बताओ	ᱢᱚᱬᱮ ᱥᱮᱣ ᱞᱮᱠᱷᱟ ᱠᱟᱛᱮ ᱞᱟᱹᱭ ᱢᱮ
आपकी लिखावट बहुत साफ़ है	ᱟᱢᱟᱜ ᱚᱞ ᱫᱚ ᱟᱹᱰᱤ ᱥᱟᱯᱷᱟ ᱜᱮᱭᱟ
मुझे दस उँगली दो	ᱤᱧ ᱜᱮᱞ ᱠᱟᱹᱴᱩᱵ ᱮᱢᱟᱹᱧ ᱢᱮ
दिखाओ	ᱩᱫᱩᱜ ᱢᱮ
दादी माँ बहुत प्यार से खाना खिलाती हैं	ᱜᱚᱲᱚᱢ ᱵᱩᱰᱷᱤ ᱫᱚ ᱟᱹᱰᱤ ᱫᱩᱞᱟᱹᱲ ᱛᱮ ᱡᱚᱢᱮ ᱮᱢᱟᱵᱚᱱᱟ
हरी मिर्च	ᱦᱟᱹᱨᱤᱭᱟᱹᱲ ᱢᱟᱹᱨᱤᱪ
बस्ते से चॉक निकालो	ᱛᱷᱟᱹᱞᱤ ᱠᱷᱚᱱ ᱪᱚᱠ ᱚᱰᱚᱠ ᱢᱮ
इसमें एक और जोड़ो	ᱱᱚᱣᱟ ᱨᱮ ᱟᱨ ᱢᱤᱫᱴᱟᱝ ᱡᱩᱲᱟᱹᱣ ᱢᱮ
चार किताब गिनकर बताओ	ᱯᱩᱱ ᱯᱩᱛᱷᱤ ᱞᱮᱠᱷᱟ ᱠᱟᱛᱮ ᱞᱟᱹᱭ ᱢᱮ
हरा अमरूद	ᱦᱟᱹᱨᱤᱭᱟᱹᱲ ᱟᱢᱨᱩᱫᱽ
तोता पेड़ पर बैठा है	ᱢᱤᱨᱩ ᱫᱟᱨᱮ ᱨᱮ ᱫᱩᱲᱩᱵ ᱟᱠᱟᱱᱟᱭ
श्यामपट्ट	ᱦᱮᱸᱫᱮ ᱯᱟᱴᱟ
महुआ	ᱢᱟᱛᱠᱚᱢ
प्रतिदिन स्नान करना अच्छी आदत है	ᱫᱤᱱᱟᱹᱢ ᱦᱤᱞᱚᱜ ᱩᱢᱩᱜ ᱫᱚ ᱵᱷᱟᱹᱜᱤ ᱦᱮᱣᱟ ᱠᱟᱱᱟ
पंद्रह	ᱜᱮᱞ ᱢᱚᱬᱮ
बैल खेत जोत रहा है	ᱰᱟᱝᱜᱽᱨᱟ ᱠᱷᱮᱛᱮ ᱥᱤᱭᱮᱫᱟ
लो	ᱦᱟᱛᱟᱣ ᱢᱮ
मुँह	ᱢᱚᱪᱟ
बंद करो	ᱯᱚᱴᱚᱢ ᱢᱮ
अपनी आँखें बंद करो	ᱟᱢᱟᱜ ᱢᱮᱫ ᱞᱟᱦᱩᱴ ᱢᱮ
मुर्गी	ᱥᱤᱢ
इस पंक्ति में पहला बच्चा कौन है?	ᱱᱚᱣᱟ ᱛᱷᱟᱨ ᱨᱮ ᱯᱟᱹᱦᱤᱞ ᱜᱤᱫᱽᱨᱟᱹ ᱫᱚ ᱚᱠᱚᱭ ᱠᱟᱱᱟᱭ?
कक्षा	ᱪᱟᱱᱟᱪ
मूली	ᱢᱩᱞᱟᱹ
अगर तबियत खराब लगे तो शिक्षक को बताओ	ᱦᱚᱲᱢᱚ ᱵᱟᱹᱲᱤᱡ ᱵᱩᱡᱷᱟᱹᱣ ᱞᱮᱠᱷᱟᱱ ᱢᱟᱪᱮᱛ ᱞᱟᱹᱭᱟᱭ ᱢᱮ
साफ़ पानी ही पीना चाहिए	ᱥᱟᱯᱷᱟ ᱫᱟᱜ ᱜᱮ ᱧᱩ ᱞᱟᱹᱠᱛᱤ ᱠᱟᱱᱟ
अपना काम पूरा करके दिखाओ	ᱟᱢᱟᱜ ᱠᱟᱹᱢᱤ ᱯᱩᱨᱟᱹᱣ ᱠᱟᱛᱮ ᱩᱫᱩᱜ ᱢᱮ
आठ में से चार घटाने पर कितना बचेगा?	ᱤᱨᱟᱹᱞ ᱠᱷᱚᱱ ᱯᱩᱱ ᱜᱷᱟᱴᱟᱣ ᱞᱮᱠᱷᱟᱱ ᱛᱤᱱᱟᱹᱜ ᱥᱟᱨᱮᱲᱚᱜ-ᱟ?
इन डंडियों को बराबर-बराबर बाँटो	ᱱᱚᱣᱟ ᱴᱷᱮᱝᱜᱟ ᱠᱚ ᱥᱚᱢᱟᱱ-ᱥᱚᱢᱟᱱ ᱦᱟᱹᱴᱤᱧ ᱯᱮ
सत्रह	ᱜᱮᱞ ᱮᱭᱟᱭ
बस्ता (थैला)	ᱛᱷᱟᱹᱞᱤ
सब मिलकर ताली बजाओ	ᱡᱚᱛᱚ ᱠᱚ ᱢᱮᱥᱟ ᱠᱟᱛᱮ ᱛᱟᱹᱞᱤ ᱛᱷᱟᱯᱟᱭ ᱯᱮ
साँप	ᱵᱤᱧ
मुझे दो पेंसिल दो	ᱤᱧ ᱵᱟᱨ ᱯᱮᱱᱥᱤᱞ ᱮᱢᱟᱹᱧ ᱢᱮ
बस्ते में रबर रखो	ᱛᱷᱟᱹᱞᱤ ᱨᱮ ᱨᱚᱵᱚᱨ ᱫᱚᱦᱚᱭ ᱢᱮ
आओ	ᱦᱤᱡᱩᱜ ᱢᱮ
अपने दाँत साफ़ करो	ᱟᱢᱟᱜ ᱫᱟᱛᱟ ᱥᱟᱯᱷᱟᱭ ᱢᱮ
इस कहानी से हमें क्या सीख मिलती है?	ᱱᱚᱣᱟ ᱠᱟᱹᱦᱱᱤ ᱠᱷᱚᱱ ᱟᱵᱚ ᱪᱮᱫ ᱥᱤᱠᱷᱱᱟᱹᱛᱵᱚ ᱧᱟᱢᱮᱫᱟ?
आम	ᱩᱞ
टमाटर	ᱵᱤᱞᱟᱹᱛᱤ
मछली	ᱦᱟᱹᱠᱩ
अपनी जगह पर बैठो	ᱟᱢᱟᱜ ᱡᱟᱜᱟ ᱨᱮ ᱫᱩᱲᱩᱵ ᱢᱮ
धूल से अपनी आँखों को बचाओ	ᱫᱷᱩᱲᱤ ᱠᱷᱚᱱ ᱟᱢᱟᱜ ᱢᱮᱫ ᱵᱟᱧᱪᱟᱣ ᱢᱮ
